timestamp,global_R2,global_energy,global_entropy,global_variance
2010-05-13 00:00:00+00:00,0.137477159500122,43.01987457275391,2.42394978930231,42.74089813232422
2010-05-13 06:00:00+00:00,0.0978378057479858,47.69728088378906,2.232359033229649,47.53865051269531
2010-05-13 12:00:00+00:00,0.16487717628479,44.71486282348633,2.4155236167461376,44.26545715332031
2010-05-13 18:00:00+00:00,0.1300010681152343,53.84841537475586,2.1415773216285654,53.53864669799805
2010-05-14 00:00:00+00:00,0.2527428865432739,78.27664184570312,1.7657044662865722,76.94371032714844
2010-05-14 06:00:00+00:00,0.2277978658676147,72.22461700439453,1.6278989003059476,71.1717758178711
2010-05-14 12:00:00+00:00,0.2478089332580566,60.53548431396485,2.1887407679263022,59.33974838256836
2010-05-14 18:00:00+00:00,0.2409119606018066,121.67544555664062,1.289713895105139,120.1283187866211
2010-05-15 00:00:00+00:00,0.2339004278182983,80.34080505371094,1.5139852152208486,79.19905853271484
2010-05-15 06:00:00+00:00,0.2545651197433471,64.32032012939453,2.3596284934510727,63.06172180175781
2010-05-15 12:00:00+00:00,0.2581963539123535,64.49055480957031,2.0319079623728795,63.3441162109375
2010-05-15 18:00:00+00:00,0.2744948863983154,92.10984802246094,1.324533307347579,90.63267517089844
2010-05-16 00:00:00+00:00,0.2858655452728271,69.92110443115234,2.3066204174485496,68.10226440429688
2010-05-16 06:00:00+00:00,0.3066425323486328,95.84326934814452,1.348942844543683,94.12986755371094
2010-05-16 12:00:00+00:00,0.3496170043945312,82.09551239013672,2.137946193238572,79.8351058959961
2010-05-16 18:00:00+00:00,0.3197951316833496,79.06690216064453,1.818335308105744,77.17694854736328
2010-05-17 00:00:00+00:00,0.3294148445129394,77.44363403320312,1.8311438594472376,75.44552612304688
2010-05-17 06:00:00+00:00,0.3205572366714477,82.11186218261719,2.0775186977322937,80.1441879272461
2010-05-17 12:00:00+00:00,0.343468427658081,80.73103332519531,1.976688518587532,78.39315795898438
2010-05-17 18:00:00+00:00,0.3082364797592163,65.41942596435547,2.200722307215873,63.70381546020508
2010-05-18 00:00:00+00:00,0.2867815494537353,70.90518188476562,1.7429232383450683,69.4722671508789
2010-05-18 06:00:00+00:00,0.3173091411590576,71.87543487548828,1.866072296639096,69.99475860595703
2010-05-18 12:00:00+00:00,0.2999418973922729,56.670406341552734,2.373057104568044,55.016700744628906
2010-05-18 18:00:00+00:00,0.2682894468307495,59.842041015625,2.161325062459825,58.47763442993164
2010-05-19 00:00:00+00:00,0.3025169372558594,57.98512649536133,2.1746357549252178,56.36749649047852
2010-05-19 06:00:00+00:00,0.2987298965454101,70.34207916259766,2.011521548742883,68.57350158691406
2010-05-19 12:00:00+00:00,0.3475854396820068,65.44327545166016,2.069983195794845,63.11363983154297
2010-05-19 18:00:00+00:00,0.291011095046997,67.67254638671875,2.2774082718482704,65.77310943603516
2010-05-20 00:00:00+00:00,0.2885749340057373,73.02395629882812,2.0372127517846,71.29977416992188
2010-05-20 06:00:00+00:00,0.2568802833557129,56.28179931640625,2.18055966162427,54.96222305297852
2010-05-20 12:00:00+00:00,0.2619950771331787,50.63154220581055,2.1262140830647422,49.36381912231445
2010-05-20 18:00:00+00:00,0.2566074132919311,56.50709533691406,2.2317680196007568,55.2341194152832
2010-05-21 00:00:00+00:00,0.1823254823684692,60.78324890136719,1.8985901998944827,60.18686676025391
2010-05-21 06:00:00+00:00,0.1796795129776001,113.08016204833984,1.4217638235609606,112.4159927368164
2010-05-21 12:00:00+00:00,0.2095793485641479,106.81807708740234,1.4540922640735914,105.95269012451172
2010-05-21 18:00:00+00:00,0.109723687171936,59.93441390991211,2.298929346928092,59.69830703735352
2010-05-22 00:00:00+00:00,0.1099960803985595,194.1312255859375,1.1884622115545622,193.8702850341797
2010-05-22 06:00:00+00:00,0.0803177952766418,297.47674560546875,1.2187367185089903,297.3243103027344
2010-05-22 12:00:00+00:00,0.0304450988769531,53.17853164672852,2.536163102811273,53.16128540039063
2010-05-22 18:00:00+00:00,0.0229341983795166,136.48712158203125,1.5661497209563715,136.47683715820312
2010-05-23 00:00:00+00:00,0.0382788181304931,95.55420684814452,2.390317975909166,95.52406311035156
2010-05-23 06:00:00+00:00,0.0332342386245727,59.00732803344727,2.9253635150210604,58.98297882080078
2010-05-23 12:00:00+00:00,0.0575636029243469,43.69476318359375,2.907848859157973,43.63561248779297
2010-05-23 18:00:00+00:00,0.0229039192199707,64.71742248535156,2.302347156623169,64.70867156982422
2010-05-24 00:00:00+00:00,0.0924552679061889,36.84413528442383,3.27951315731773,36.6927375793457
2010-05-24 06:00:00+00:00,0.0501148104667663,46.89588928222656,2.6921122490436464,46.84777069091797
2010-05-24 12:00:00+00:00,0.0938594937324523,25.88405418395996,3.486591886068697,25.756526947021484
2010-05-24 18:00:00+00:00,0.1273933053016662,32.75878143310547,3.036931730426657,32.51795196533203
2010-05-25 00:00:00+00:00,0.1954142451286316,37.2530517578125,2.9580241748696148,36.64318084716797
2010-05-25 06:00:00+00:00,0.1748332381248474,42.75112915039063,2.724804645158051,42.22507095336914
2010-05-25 12:00:00+00:00,0.2219815850257873,47.97238540649414,2.6618678051924403,47.16842269897461
2010-05-25 18:00:00+00:00,0.2721350193023681,50.46998596191406,2.432575693456858,49.10989761352539
2010-05-26 00:00:00+00:00,0.2962323427200317,67.43942260742188,2.316261069361333,65.61998748779297
2010-05-26 06:00:00+00:00,0.2530906200408935,53.87667465209961,2.1194431629017805,52.753883361816406
2010-05-26 12:00:00+00:00,0.3079425692558288,61.47557830810547,1.954398512161277,59.89068222045898
2010-05-26 18:00:00+00:00,0.3566435575485229,62.06248092651367,2.0452983973415426,59.73323822021485
2010-05-27 00:00:00+00:00,0.2479716539382934,54.9116096496582,2.4478681860536007,53.73767852783203
2010-05-27 06:00:00+00:00,0.2532945275306701,63.22582626342773,2.161631467596341,62.06141662597656
2010-05-27 12:00:00+00:00,0.2830643057823181,60.56694030761719,2.018500669925088,59.19448852539063
2010-05-27 18:00:00+00:00,0.3041333556175232,82.45870971679688,2.119268042697525,80.56007385253906
2010-05-28 00:00:00+00:00,0.3003203272819519,81.71385955810547,1.99912598740801,79.82306671142578
2010-05-28 06:00:00+00:00,0.2719228863716125,60.94421005249024,2.2279693512757284,59.55760955810547
2010-05-28 12:00:00+00:00,0.2839316725730896,53.48265838623047,2.5225004063638856,52.0893440246582
2010-05-28 18:00:00+00:00,0.2706641554832458,59.98683547973633,2.365217062275996,58.636749267578125
2010-05-29 00:00:00+00:00,0.2913448214530945,77.46148681640625,2.3772244994506733,75.70512390136719
2010-05-29 06:00:00+00:00,0.2707914113998413,46.85151672363281,2.6677695214318,45.5666389465332
2010-05-29 12:00:00+00:00,0.2588866353034973,60.0825309753418,2.144755426573653,58.86604690551758
2010-05-29 18:00:00+00:00,0.3162457942962646,55.24392318725586,2.5728359652037858,53.425071716308594
2010-05-30 00:00:00+00:00,0.3109636902809143,76.57626342773438,2.170720875481044,74.70327758789062
2010-05-30 06:00:00+00:00,0.2777522802352905,61.40147018432617,2.247208436948423,59.99660110473633
2010-05-30 12:00:00+00:00,0.2646979689598083,75.86527252197266,1.8717630166118715,74.53097534179688
2010-05-30 18:00:00+00:00,0.3317930698394775,232.41241455078125,0.9290755312409694,229.90528869628903
2010-05-31 00:00:00+00:00,0.2966445088386535,115.97481536865234,1.3912477178318854,114.15355682373048
2010-05-31 06:00:00+00:00,0.3118916153907776,92.81217956542967,1.841551717329386,90.83675384521484
2010-05-31 12:00:00+00:00,0.2830137610435486,99.07325744628906,2.144237618695335,97.3242416381836
2010-05-31 18:00:00+00:00,0.3100536465644836,128.40313720703125,1.4081322965659742,126.30036926269533
2010-06-01 00:00:00+00:00,0.2914797663688659,59.72739028930664,2.199547568995595,58.06349563598633
2010-06-01 06:00:00+00:00,0.2321559190750122,69.23487854003906,1.993372617130228,68.16566467285156
2010-06-01 12:00:00+00:00,0.217667281627655,62.39379501342773,2.303696524354031,61.44503784179688
2010-06-01 18:00:00+00:00,0.2019411325454712,79.99710083007812,1.7435031483686454,79.18272399902344
2010-06-02 00:00:00+00:00,0.2050187587738037,45.536041259765625,2.6137094216749106,44.73374557495117
2010-06-02 06:00:00+00:00,0.1645268201828003,64.51142120361328,2.0012758786824563,63.95004653930664
2010-06-02 12:00:00+00:00,0.1734169125556945,59.1542854309082,2.2237435763933924,58.5764274597168
2010-06-02 18:00:00+00:00,0.1203691959381103,65.39014434814453,2.0682029824769392,65.09551239013672
2010-06-03 00:00:00+00:00,0.0207669138908386,53.64385223388672,2.143952564674884,53.63534164428711
2010-06-03 06:00:00+00:00,0.0636916756629943,54.2094841003418,1.954222112138608,54.13266372680664
2010-06-03 12:00:00+00:00,0.0344958901405334,47.46839141845703,2.064054374098601,47.448219299316406
2010-06-03 18:00:00+00:00,0.0344475507736206,42.97144317626953,2.633742746119918,42.950321197509766
2010-06-04 00:00:00+00:00,0.1110273599624633,72.189208984375,1.8596834943683849,71.94342041015625
2010-06-04 06:00:00+00:00,0.0091495513916015,46.85589218139648,2.4185846271538125,46.85435485839844
2010-06-04 12:00:00+00:00,0.0681333541870117,41.31952667236328,2.409946370163225,41.24568176269531
2010-06-04 18:00:00+00:00,0.1197770833969116,60.29100799560547,1.9352478810011084,60.04409408569336
2010-06-05 00:00:00+00:00,0.1099640130996704,59.754276275634766,1.856856425007957,59.54256439208984
2010-06-05 06:00:00+00:00,0.1274107694625854,43.754913330078125,2.295871209575812,43.50679016113281
2010-06-05 12:00:00+00:00,0.1788557767868042,55.9058723449707,1.7353017386187697,55.37504959106445
2010-06-05 18:00:00+00:00,0.1479990482330322,46.28127670288086,2.374881855052195,45.92812347412109
2010-06-06 00:00:00+00:00,0.1376525163650512,49.29966735839844,2.0871479430259923,48.97661209106445
2010-06-06 06:00:00+00:00,0.1533136367797851,58.36014175415039,1.8666821971713703,57.940040588378906
2010-06-06 12:00:00+00:00,0.1553677320480346,41.1845703125,2.539497777744512,40.77802658081055
2010-06-06 18:00:00+00:00,0.0905532836914062,48.4138069152832,2.323538669102392,48.26478958129883
2010-06-07 00:00:00+00:00,0.114739179611206,48.75727081298828,2.3120072664018103,48.51826095581055
2010-06-07 06:00:00+00:00,0.0437895059585571,84.41132354736328,1.4168605278281534,84.37552642822266
2010-06-07 12:00:00+00:00,0.1250574588775634,61.909400939941406,1.6018595302307963,61.615325927734375
2010-06-07 18:00:00+00:00,0.114274263381958,36.05705642700195,2.810393241691843,35.83213806152344
2010-06-08 00:00:00+00:00,0.1290040016174316,39.15071868896485,2.488105190273444,38.84928131103516
2010-06-08 06:00:00+00:00,0.113904595375061,117.53519439697266,1.35406314201049,117.2786636352539
2010-06-08 18:00:00+00:00,0.0359596014022827,49.94435501098633,2.773992715552454,49.91792678833008
2010-06-09 00:00:00+00:00,0.1071258783340454,41.199974060058594,2.716535100449632,40.98776626586914
2010-06-09 06:00:00+00:00,0.1119394302368164,40.69239807128906,2.8048142352969125,40.47028732299805
2010-06-09 12:00:00+00:00,0.1184786558151245,30.524560928344727,3.1141708179148133,30.31217193603516
2010-06-09 18:00:00+00:00,0.1327137947082519,39.36655807495117,2.2869922557456386,39.064579010009766
2010-06-10 00:00:00+00:00,0.1129099130630493,42.83902359008789,2.196511412373685,42.61943435668945
2010-06-10 06:00:00+00:00,0.1840162277221679,79.86017608642578,1.5081165820373537,79.25094604492188
2010-06-10 12:00:00+00:00,0.2446682453155517,103.76996612548828,1.4376646743554298,102.74571990966795
2010-06-10 18:00:00+00:00,0.1907471418380737,87.94947814941406,1.5636978767374523,87.25196075439453
2010-06-11 00:00:00+00:00,0.2144851684570312,102.13922119140624,1.505274482947525,101.24639892578124
2010-06-11 06:00:00+00:00,0.2207942008972168,60.067684173583984,1.3026158525764784,59.2464485168457
2010-06-11 12:00:00+00:00,0.2132835388183593,58.78475570678711,1.432139026736607,58.11102294921875
2010-06-11 18:00:00+00:00,0.2480900287628173,110.06411743164062,1.4805213744685402,108.87470245361328
2010-06-12 00:00:00+00:00,0.2321935892105102,82.62162780761719,1.3095857967443627,81.54716491699219
2010-06-12 06:00:00+00:00,0.2098259925842285,72.70873260498047,1.1528417857531663,71.97455596923828
2010-06-12 12:00:00+00:00,0.2192413806915283,68.91226196289062,1.2572426362035172,68.15084075927734
2010-06-12 18:00:00+00:00,0.2154114246368408,54.72884750366211,2.0862187079165304,53.98745727539063
2010-06-13 00:00:00+00:00,0.2062605619430542,84.69925689697266,1.3057610000479405,83.91058349609375
2010-06-13 06:00:00+00:00,0.2109807729721069,63.95734405517578,1.4714272360101917,63.23134994506836
2010-06-13 12:00:00+00:00,0.1882069110870361,65.58740234375,1.3679925872496852,64.97930145263672
2010-06-13 18:00:00+00:00,0.1967877149581909,63.20606994628906,1.7330509881386995,62.58624649047852
2010-06-14 00:00:00+00:00,0.220171570777893,69.86968994140625,1.6124423199460574,68.99673461914062
2010-06-14 06:00:00+00:00,0.2701075077056885,72.23136138916016,1.4469989826759266,71.02641296386719
2010-06-14 12:00:00+00:00,0.2268565893173217,65.12889862060547,1.496879711123261,64.22826385498047
2010-06-14 18:00:00+00:00,0.2319202423095703,64.88916778564453,1.8928095649486227,63.95393371582031
2010-06-15 00:00:00+00:00,0.2386419773101806,71.40081787109375,1.477495760929704,70.33643341064453
2010-06-15 06:00:00+00:00,0.2234869003295898,58.54831314086914,1.9390828670277207,57.62266159057617
2010-06-15 12:00:00+00:00,0.2313706874847412,54.010520935058594,2.178207262720469,53.03384780883789
2010-06-15 18:00:00+00:00,0.2496025562286377,55.047325134277344,2.194680358863621,53.9058952331543
2010-06-16 00:00:00+00:00,0.2616217136383056,63.76811599731445,1.5398138210115415,62.502403259277344
2010-06-16 06:00:00+00:00,0.2483521699905395,69.1927719116211,1.7608102945008308,68.0399169921875
2010-06-16 12:00:00+00:00,0.2171190977096557,75.32559204101562,1.4198736617500471,74.40984344482422
2010-06-16 18:00:00+00:00,0.1736068725585937,54.00913619995117,1.7620934816612146,53.450286865234375
2010-06-17 00:00:00+00:00,0.222511887550354,72.0678939819336,1.5360739910145225,71.12288665771484
2010-06-17 06:00:00+00:00,0.1686776876449585,128.53225708007812,1.08279959148171,127.95093536376952
2010-06-17 12:00:00+00:00,0.2279384136199951,55.037559509277344,2.246307347240428,54.06661224365234
2010-06-17 18:00:00+00:00,0.2510023117065429,43.38250732421875,2.699403429503888,42.25210189819336
2010-06-18 00:00:00+00:00,0.1770219802856445,27.24191093444824,3.054062462659481,26.789709091186523
2010-06-18 06:00:00+00:00,0.1482579708099365,41.21028900146485,2.9417062957364744,40.81683349609375
2010-06-18 12:00:00+00:00,0.1930916309356689,42.763671875,2.6701289914854023,42.10188293457031
2010-06-18 18:00:00+00:00,0.1831141710281372,33.930171966552734,2.942247707137536,33.36878204345703
2010-06-19 00:00:00+00:00,0.1358262300491333,29.45676612854004,3.6875927247112994,29.156095504760746
2010-06-19 06:00:00+00:00,0.0850255489349365,29.63666343688965,3.238715685176066,29.52214813232422
2010-06-19 12:00:00+00:00,0.0703493356704711,24.91570854187012,3.283023700856832,24.84791374206543
2010-06-19 18:00:00+00:00,0.0057200193405151,24.50592613220215,3.1586533389424383,24.505510330200195
2010-06-20 00:00:00+00:00,0.0087451934814453,43.14707565307617,2.631493061684811,43.145751953125
2010-06-20 06:00:00+00:00,0.1056547164916992,39.024017333984375,2.6176548399920714,38.845794677734375
2010-06-20 12:00:00+00:00,0.0739613771438598,28.90838623046875,2.601953559063864,28.839229583740234
2010-06-20 18:00:00+00:00,0.1312247514724731,35.748252868652344,2.9141517524218954,35.502235412597656
2010-06-21 00:00:00+00:00,0.1149595379829406,37.92713928222656,2.772318414465328,37.71857070922852
2010-06-21 06:00:00+00:00,0.1320312619209289,49.992164611816406,2.154124543084337,49.71682357788086
2010-06-21 12:00:00+00:00,0.1559596061706543,37.73932266235352,2.3555574090763467,37.41901016235352
2010-06-21 18:00:00+00:00,0.1444743871688842,43.01270294189453,2.626727002533599,42.695289611816406
2010-06-22 00:00:00+00:00,0.2094142436981201,73.0589599609375,2.239243794349358,72.23805236816406
2010-06-22 06:00:00+00:00,0.1259723901748657,40.61689758300781,2.2861110575177563,40.38722229003906
2010-06-22 12:00:00+00:00,0.1726149320602417,41.672637939453125,2.11311869578558,41.29140472412109
2010-06-22 18:00:00+00:00,0.2245147824287414,64.07667541503906,1.9101178492687896,63.24373245239258
2010-06-23 00:00:00+00:00,0.3403909206390381,74.98026275634766,2.3359719313933724,72.72004699707031
2010-06-23 06:00:00+00:00,0.2622129917144775,88.8515853881836,1.5724289183943796,87.6432113647461
2010-06-23 12:00:00+00:00,0.276310384273529,68.06356048583984,1.734218136641005,66.7828369140625
2010-06-23 18:00:00+00:00,0.2325352430343628,60.16544342041016,1.7554606423231691,59.28356552124024
2010-06-24 00:00:00+00:00,0.2320266366004943,56.49579620361328,2.309267880471375,55.56148910522461
2010-06-24 06:00:00+00:00,0.2472433447837829,50.13497543334961,2.167980741404996,49.17805480957031
2010-06-24 12:00:00+00:00,0.2666439414024353,56.91796112060547,2.172724579673349,55.74968719482422
2010-06-24 18:00:00+00:00,0.2504132390022278,48.84745788574219,2.3232382175505943,47.79368209838867
2010-06-25 00:00:00+00:00,0.2490663528442382,48.72921371459961,2.219086320210329,47.65640640258789
2010-06-25 06:00:00+00:00,0.2432203888893127,40.06439208984375,2.768276125031905,39.12358093261719
2010-06-25 12:00:00+00:00,0.2960569858551025,55.45016098022461,2.067794551969814,54.01605224609375
2010-06-25 18:00:00+00:00,0.2902085781097412,59.003231048583984,2.0430026828604,57.43964767456055
2010-06-26 00:00:00+00:00,0.2963531017303467,68.57736206054688,2.085225865814874,66.77307891845703
2010-06-26 06:00:00+00:00,0.330507755279541,63.40431213378906,1.9937450203017963,61.37178802490234
2010-06-26 12:00:00+00:00,0.289808988571167,57.76819610595703,2.2964063853939747,56.278411865234375
2010-06-26 18:00:00+00:00,0.3018319010734558,71.36766052246094,1.860620930581076,69.6029052734375
2010-06-27 00:00:00+00:00,0.3351853489875793,78.70764923095703,2.258598190293496,76.32476043701172
2010-06-27 06:00:00+00:00,0.3342111706733703,61.76513671875,2.150879448641052,59.71941375732422
2010-06-27 12:00:00+00:00,0.3151487112045288,69.93618774414062,2.027931426930105,67.97774505615234
2010-06-27 18:00:00+00:00,0.3503859043121338,84.85050964355469,1.7763196018708831,82.3554458618164
2010-06-28 00:00:00+00:00,0.3058575987815857,68.99884796142578,1.932667924130968,67.14119720458984
2010-06-28 06:00:00+00:00,0.324188232421875,76.29485321044922,1.807522867342096,74.3438949584961
2010-06-28 12:00:00+00:00,0.3348631858825683,71.5199966430664,1.9701225680867336,69.39917755126953
2010-06-28 18:00:00+00:00,0.3512961268424988,83.27461242675781,1.903497259179806,80.78714752197266
2010-06-29 00:00:00+00:00,0.3279134631156921,103.61837005615234,1.4610378231795795,101.211181640625
2010-06-29 06:00:00+00:00,0.3299347758293152,96.03514862060548,1.6742217659401828,93.8129425048828
2010-06-29 12:00:00+00:00,0.3306115865707397,67.59577941894531,2.0753287084056686,65.45121002197266
2010-06-29 18:00:00+00:00,0.3374015688896179,70.7328109741211,2.374344514876915,68.43516540527344
2010-06-30 00:00:00+00:00,0.3493662476539612,88.9744644165039,1.9904137190857745,86.33264923095703
2010-06-30 06:00:00+00:00,0.345316469669342,83.3706283569336,2.200414515911324,80.66666412353516
2010-06-30 12:00:00+00:00,0.3095561861991882,62.08366012573242,2.1017767975806763,60.12851333618164
2010-06-30 18:00:00+00:00,0.3481621146202087,66.1876449584961,2.284436908167689,63.68932723999024
2010-07-01 00:00:00+00:00,0.3268438577651977,57.16862869262695,2.394978514077797,55.05722427368164
2010-07-01 06:00:00+00:00,0.2862281799316406,58.76097869873047,2.0475311728950203,57.20310974121094
2010-07-01 12:00:00+00:00,0.2550844550132751,55.41632461547852,2.327329903830523,54.151512145996094
2010-07-01 18:00:00+00:00,0.2929129004478454,56.38483047485352,2.252826617639595,54.64289474487305
2010-07-02 00:00:00+00:00,0.2192612886428833,41.40152359008789,2.590682217451811,40.54384231567383
2010-07-02 06:00:00+00:00,0.2880451083183288,102.24576568603516,1.286042669427838,100.68404388427734
2010-07-02 12:00:00+00:00,0.2514441013336181,98.65999603271484,1.258015370532471,97.55150604248048
2010-07-02 18:00:00+00:00,0.2317206859588623,39.09710693359375,2.715597395470117,38.1484260559082
2010-07-03 00:00:00+00:00,0.2390061616897583,41.522945404052734,2.6973909036792083,40.50837326049805
2010-07-03 06:00:00+00:00,0.2274783253669738,108.84756469726562,1.2978478902995951,107.88001251220705
2010-07-03 12:00:00+00:00,0.2551856637001037,141.5390625,1.2677513170242154,140.3199920654297
2010-07-03 18:00:00+00:00,0.1733484268188476,34.47185134887695,2.730350637635312,33.98278045654297
2010-07-04 00:00:00+00:00,0.1505131721496582,25.895978927612305,3.5017360610536508,25.56593513488769
2010-07-04 06:00:00+00:00,0.1592534184455871,25.66190528869629,3.451000658825598,25.30669593811035
2010-07-04 12:00:00+00:00,0.1965094208717346,26.27939414978028,3.084916228701704,25.76374244689941
2010-07-04 18:00:00+00:00,0.1262349486351013,33.789119720458984,2.7857161562283936,33.55290222167969
2010-07-05 00:00:00+00:00,0.1781492829322815,31.40025329589844,2.826448930367564,30.91478157043457
2010-07-05 06:00:00+00:00,0.0996958017349243,25.55949783325196,3.149789550457123,25.425350189208984
2010-07-05 12:00:00+00:00,0.121203064918518,25.655593872070312,3.4127437611424454,25.44802474975586
2010-07-05 18:00:00+00:00,0.057650089263916,25.52721405029297,3.7435282440422215,25.48002243041992
2010-07-06 00:00:00+00:00,0.0480913519859313,25.439361572265625,3.4070459422060297,25.407764434814453
2010-07-06 06:00:00+00:00,0.018660545349121,30.24991607666016,3.054143827013566,30.244632720947266
2010-07-06 12:00:00+00:00,0.04541015625,28.23642539978028,2.971513499828617,28.206188201904297
2010-07-06 18:00:00+00:00,0.1325577497482299,30.13068962097168,2.773653829476721,29.87206268310547
2010-07-07 00:00:00+00:00,0.0745295286178588,36.45598983764648,2.218703365057343,36.37248611450195
2010-07-07 06:00:00+00:00,0.0978246927261352,30.38957023620605,3.1295593423745856,30.23814392089844
2010-07-07 12:00:00+00:00,0.1365388631820678,34.79570770263672,2.52030973796614,34.516578674316406
2010-07-07 18:00:00+00:00,0.0753924846649169,31.94175910949707,2.892566901267604,31.856130599975582
2010-07-08 00:00:00+00:00,0.1239069700241088,42.927711486816406,2.492612490963597,42.65866088867188
2010-07-08 06:00:00+00:00,0.171943187713623,45.78277587890625,2.6526975826431545,45.28738784790039
2010-07-08 12:00:00+00:00,0.2229613065719604,41.39117431640625,2.6260620470713385,40.58760070800781
2010-07-08 18:00:00+00:00,0.2401982545852661,52.7265625,2.3107455197358933,51.70353698730469
2010-07-09 00:00:00+00:00,0.1218869686126709,45.439064025878906,2.490344351388861,45.19460678100586
2010-07-09 06:00:00+00:00,0.134834885597229,29.914051055908203,2.808765180777322,29.67072105407715
2010-07-09 12:00:00+00:00,0.1717685461044311,36.025577545166016,2.762308365343557,35.59711837768555
2010-07-09 18:00:00+00:00,0.1328656673431396,51.19127655029297,1.5484065240297582,50.92516708374024
2010-07-10 00:00:00+00:00,0.1653437614440918,47.57416534423828,2.252332094083261,47.13378143310547
2010-07-10 06:00:00+00:00,0.1426172256469726,36.66218566894531,2.352262955369895,36.356353759765625
2010-07-10 12:00:00+00:00,0.1401093006134033,44.651588439941406,2.22307978479059,44.35359573364258
2010-07-10 18:00:00+00:00,0.1769561767578125,35.90852355957031,2.691057493934533,35.42042922973633
2010-07-11 00:00:00+00:00,0.1899080276489257,47.09571075439453,2.346753049654747,46.5106086730957
2010-07-11 06:00:00+00:00,0.1941961050033569,41.90087127685547,2.385858462942736,41.30672836303711
2010-07-11 12:00:00+00:00,0.1814419031143188,36.324161529541016,2.588690206731552,35.841644287109375
2010-07-11 18:00:00+00:00,0.1402289867401123,113.24874877929688,1.0620336240403836,112.93946838378906
2010-07-12 00:00:00+00:00,0.1625868082046508,131.29306030273438,1.046652293154041,130.80923461914062
2010-07-12 06:00:00+00:00,0.2014260292053222,50.00062561035156,2.348698476924623,49.28013610839844
2010-07-12 12:00:00+00:00,0.1957553625106811,33.779476165771484,2.77252653654964,33.184303283691406
2010-07-12 18:00:00+00:00,0.2130464315414428,59.84035110473633,1.9137940782518283,59.07729721069336
2010-07-13 00:00:00+00:00,0.2194918394088745,43.01388168334961,2.839619696317444,42.170677185058594
2010-07-13 06:00:00+00:00,0.2197268009185791,32.67058181762695,3.321404178445667,31.84850311279297
2010-07-13 12:00:00+00:00,0.1361167430877685,31.17205810546875,3.018301694533565,30.87057876586914
2010-07-13 18:00:00+00:00,0.1658154726028442,35.76999282836914,2.8847592861755142,35.31100082397461
2010-07-14 00:00:00+00:00,0.1676715612411499,34.88510513305664,3.064822245738565,34.385643005371094
2010-07-14 06:00:00+00:00,0.1601930856704712,34.42493438720703,2.816994885323989,34.00392150878906
2010-07-14 12:00:00+00:00,0.2395979166030883,26.783409118652344,3.270859386964481,25.91204833984375
2010-07-15 00:00:00+00:00,0.1373339891433715,29.099380493164062,3.494197762700105,28.790037155151367
2010-07-15 06:00:00+00:00,0.2217575311660766,36.85718536376953,3.092176806126097,35.95418930053711
2010-07-15 12:00:00+00:00,0.2262331247329712,29.824695587158203,3.303453441915045,29.001075744628903
2010-07-15 18:00:00+00:00,0.2276573181152343,35.52750015258789,3.146770347350022,34.61217498779297
2010-07-16 00:00:00+00:00,0.2037856578826904,33.76335525512695,3.2242534205846853,33.06169891357422
2010-07-16 06:00:00+00:00,0.2167426347732544,27.16543197631836,3.704316422975689,26.4309139251709
2010-07-16 12:00:00+00:00,0.2089359760284423,27.23451232910156,3.7495683325529656,26.550949096679688
2010-07-16 18:00:00+00:00,0.2162318229675293,29.05887222290039,3.4899644453735834,28.31407928466797
2010-07-17 00:00:00+00:00,0.2220594882965088,30.29793930053711,3.3616646568990345,29.46339988708496
2010-07-17 06:00:00+00:00,0.1127140522003173,26.1573429107666,3.832567033130654,25.967140197753903
2010-07-17 12:00:00+00:00,0.2074780464172363,22.58658218383789,3.987093749652891,22.01582145690918
2010-07-17 18:00:00+00:00,0.1955112218856811,32.20663070678711,3.3844782295156057,31.6225643157959
2010-07-18 00:00:00+00:00,0.0845004320144653,36.71147537231445,3.057504653536381,36.58799743652344
2010-07-18 06:00:00+00:00,0.1465694904327392,30.67083740234375,3.402311166102229,30.29658508300781
2010-07-18 12:00:00+00:00,0.011518120765686,49.10504531860352,2.4670311305728254,49.10313415527344
2010-07-18 18:00:00+00:00,0.0882870554924011,49.136993408203125,2.4036066960858915,49.029335021972656
2010-07-19 00:00:00+00:00,0.0125218629837036,33.408241271972656,2.7792274879756174,33.405967712402344
2010-07-19 06:00:00+00:00,0.0873480439186096,44.75395202636719,2.1161781305077323,44.64504623413086
2010-07-19 12:00:00+00:00,0.0523789525032043,34.65143585205078,2.145431729062893,34.61484909057617
2010-07-19 18:00:00+00:00,0.0780207514762878,45.79070663452149,1.9583413556572555,45.6963996887207
2010-07-20 00:00:00+00:00,0.1400904059410095,53.29098510742188,1.8529171067030925,52.98234558105469
2010-07-20 06:00:00+00:00,0.1083593368530273,56.35688400268555,1.9415755265627368,56.16947555541992
2010-07-20 12:00:00+00:00,0.0850369930267334,32.49002456665039,2.605324621151764,32.39388656616211
2010-07-20 18:00:00+00:00,0.1501003503799438,37.652000427246094,2.45739392723822,37.32550811767578
2010-07-21 00:00:00+00:00,0.2209871411323547,68.59559631347656,1.686397328705866,67.81477355957031
2010-07-21 06:00:00+00:00,0.2073062062263488,120.99481201171876,1.110593593853214,120.23812866210938
2010-07-21 12:00:00+00:00,0.2430087924003601,68.85750579833984,2.0414324043846155,67.83148956298828
2010-07-21 18:00:00+00:00,0.3116524815559387,96.94718170166016,1.728573730313618,94.91360473632812
2010-07-22 00:00:00+00:00,0.2969865798950195,78.00198364257812,1.9790538082686628,76.149169921875
2010-07-22 06:00:00+00:00,0.3044654726982116,308.5574035644531,0.7463348285134037,306.5819396972656
2010-07-22 12:00:00+00:00,0.2438234686851501,60.28383255004883,2.3674650574591865,59.177982330322266
2010-07-22 18:00:00+00:00,0.3083348274230957,73.0877685546875,2.182680410069562,71.14978790283203
2010-07-23 00:00:00+00:00,0.3050269484519958,93.2095718383789,2.004937536000463,91.09814453125
2010-07-23 06:00:00+00:00,0.3192510604858398,108.8678741455078,1.2553692251851911,106.7774887084961
2010-07-23 12:00:00+00:00,0.3635639548301697,91.94573211669922,2.2643331852876303,89.11746215820312
2010-07-23 18:00:00+00:00,0.3294159770011902,84.29974365234375,1.9668834013014047,81.95328521728516
2010-07-24 00:00:00+00:00,0.3410934209823608,91.61925506591795,2.0605470236455474,89.04884338378906
2010-07-24 06:00:00+00:00,0.3005648851394653,80.74014282226562,2.039670417702668,78.86380767822266
2010-07-24 12:00:00+00:00,0.3410907983779907,65.09733581542969,1.9585449833634736,63.0390853881836
2010-07-24 18:00:00+00:00,0.316282570362091,77.9501953125,1.919016823386652,75.9223861694336
2010-07-25 00:00:00+00:00,0.4117735028266907,93.80809783935548,1.942356114810684,90.00826263427734
2010-07-25 06:00:00+00:00,0.3616384863853454,74.57942962646484,2.080620461480395,72.01527404785156
2010-07-25 12:00:00+00:00,0.358005166053772,68.9830551147461,2.0824464525376176,66.74601745605469
2010-07-25 18:00:00+00:00,0.3674128651618957,100.38982391357422,2.155275421073686,97.44705200195312
2010-07-26 00:00:00+00:00,0.3546046018600464,92.9407196044922,2.0518666432397694,90.13026428222656
2010-07-26 06:00:00+00:00,0.3858873248100281,83.05449676513672,2.400125177909261,80.00654602050781
2010-07-26 12:00:00+00:00,0.3810478448867798,82.56795501708984,2.134102504013748,79.81590270996094
2010-07-26 18:00:00+00:00,0.3717885613441467,112.80378723144533,1.7560696782236618,109.7784423828125
2010-07-27 00:00:00+00:00,0.4012252688407898,129.10379028320312,1.8355833601679643,125.02618408203124
2010-07-27 06:00:00+00:00,0.3937773108482361,100.03174591064452,1.9080125151125749,96.7279815673828
2010-07-27 12:00:00+00:00,0.3790386915206909,86.4600830078125,2.252919845901053,83.55803680419922
2010-07-27 18:00:00+00:00,0.3813146352767944,125.48716735839844,1.5767455893109543,122.08360290527344
2010-07-29 00:00:00+00:00,0.3220939636230469,101.72122955322266,1.7211678755125597,99.34921264648438
2010-07-29 06:00:00+00:00,0.3393871188163757,87.01094055175781,2.050152204953233,84.28181457519531
2010-07-29 12:00:00+00:00,0.3272321820259094,70.99844360351562,2.147987602867897,68.6512222290039
2010-07-29 18:00:00+00:00,0.3021936416625976,59.29500579833984,2.310960969361794,57.31172943115234
2010-07-30 00:00:00+00:00,0.3084263205528259,55.990867614746094,2.433112171054584,54.048606872558594
2010-07-30 06:00:00+00:00,0.2181527614593505,47.35105514526367,2.45077274069007,46.412147521972656
2010-07-30 12:00:00+00:00,0.2069370150566101,37.232025146484375,2.9002116519944363,36.47411346435547
2010-07-30 18:00:00+00:00,0.2029381394386291,44.01161956787109,2.636789413236387,43.24715042114258
2010-07-31 00:00:00+00:00,0.2158408164978027,44.04619598388672,2.2402511293128224,43.23494720458984
2010-07-31 06:00:00+00:00,0.2168114781379699,44.950462341308594,2.473617545622956,44.06156539916992
2010-07-31 12:00:00+00:00,0.1575320959091186,33.05936813354492,3.061615628195255,32.6279182434082
2010-07-31 18:00:00+00:00,0.1582422256469726,33.371116638183594,3.128968548175004,32.933956146240234
2010-08-01 00:00:00+00:00,0.1747525334358215,34.4023323059082,2.820590073891784,33.869468688964844
2010-08-01 06:00:00+00:00,0.1335569024085998,41.01205825805664,2.6611055050967614,40.68752670288086
2010-08-01 12:00:00+00:00,0.1840139031410217,35.8262825012207,3.020116357114077,35.23388671875
2010-08-01 18:00:00+00:00,0.1522329449653625,39.75019073486328,2.9573171302765378,39.304935455322266
2010-08-02 00:00:00+00:00,0.1674374938011169,36.74345779418945,2.8894511134006207,36.25457763671875
2010-08-02 06:00:00+00:00,0.1171520352363586,28.67841911315918,3.7420068868737615,28.44646453857422
2010-08-02 12:00:00+00:00,0.0743700861930847,40.438907623291016,2.979766122224788,40.33159637451172
2010-08-02 18:00:00+00:00,0.0434786677360534,32.097923278808594,3.5797718860369256,32.06316375732422
2010-08-03 00:00:00+00:00,0.1339673399925232,29.73293113708496,3.757493815568588,29.426733016967773
2010-08-03 06:00:00+00:00,0.1593407392501831,27.68851852416992,3.716145733463534,27.2716121673584
2010-08-03 12:00:00+00:00,0.1012199521064758,29.278440475463867,3.391910649044406,29.11214065551757
2010-08-03 18:00:00+00:00,0.1559215188026428,29.942567825317383,3.5948610265910173,29.53578758239746
2010-08-04 00:00:00+00:00,0.1028583049774169,30.96097946166992,3.344851550327616,30.775712966918945
2010-08-04 06:00:00+00:00,0.062686026096344,31.227901458740234,3.3644272887175743,31.1585636138916
2010-08-04 12:00:00+00:00,0.0876504182815551,34.734657287597656,3.305241404031607,34.599613189697266
2010-08-04 18:00:00+00:00,0.0931860208511352,34.960914611816406,2.5983614405022486,34.81591796875
2010-08-05 00:00:00+00:00,0.0711168646812439,39.76303863525391,2.745509517593547,39.66900253295898
2010-08-05 06:00:00+00:00,0.1027066111564636,42.4416618347168,2.6315472894641085,42.237571716308594
2010-08-05 12:00:00+00:00,0.0874838232994079,34.612548828125,2.633363643813059,34.48863220214844
2010-08-05 18:00:00+00:00,0.0362718701362609,41.02188873291016,2.706499608394444,40.99824142456055
2010-08-06 00:00:00+00:00,0.0082888603210449,41.21220016479492,2.9722149861794165,41.21084976196289
2010-08-06 06:00:00+00:00,0.0258408188819885,40.26951599121094,2.4693062243613886,40.25778198242188
2010-08-06 12:00:00+00:00,0.0169916152954101,33.1115608215332,2.765506821275918,33.106895446777344
2010-08-06 18:00:00+00:00,0.1579769253730774,244.5150909423828,1.0654764695689378,244.05357360839844
2010-08-07 00:00:00+00:00,0.0443037748336792,30.51573944091797,3.2132245161096864,30.483041763305664
2010-08-07 06:00:00+00:00,0.0178787112236022,37.43868637084961,2.673802122001673,37.43316268920898
2010-08-07 12:00:00+00:00,0.0372107625007629,31.027328491210938,3.2145502579310747,31.004995346069336
2010-08-07 18:00:00+00:00,0.026089072227478,116.10952758789062,1.696711986626077,116.09432220458984
2010-08-08 00:00:00+00:00,0.0064260363578796,116.64742279052734,1.6167426813918604,116.6465835571289
2010-08-08 06:00:00+00:00,0.0818647742271423,37.05870056152344,3.283969562779754,36.92870330810547
2010-08-08 12:00:00+00:00,0.0445605516433715,65.61922454833984,1.992292662505276,65.58406066894531
2010-08-08 18:00:00+00:00,0.0843489170074462,54.381195068359375,2.246580128666951,54.243770599365234
2010-08-09 00:00:00+00:00,0.1160623431205749,37.409366607666016,3.0922837302514656,37.14954376220703
2010-08-09 06:00:00+00:00,0.0221023559570312,79.07081604003906,1.9561768395317904,79.0611801147461
2010-08-09 12:00:00+00:00,0.009542167186737,93.00804138183594,1.8249137276527865,93.00617980957033
2010-08-09 18:00:00+00:00,0.0318954586982727,29.914262771606445,3.366143797360281,29.897624969482425
2010-08-10 00:00:00+00:00,0.0765986442565918,31.81024932861328,3.5296039829882253,31.70437431335449
2010-08-10 06:00:00+00:00,0.0031147003173828,52.501373291015625,2.3536960984632485,52.50117874145508
2010-08-10 12:00:00+00:00,0.0343145132064819,52.44813919067383,2.306477192640551,52.426605224609375
2010-08-10 18:00:00+00:00,0.0143192410469055,31.650161743164062,3.384721710330375,31.646717071533203
2010-08-11 00:00:00+00:00,0.0022741556167602,32.5364875793457,3.352170926677448,32.53639602661133
2010-08-11 06:00:00+00:00,0.012998342514038,30.769020080566406,3.355228423076958,30.766237258911133
2010-08-11 12:00:00+00:00,0.0115994811058044,28.048608779907227,3.616710564610654,28.046476364135746
2010-08-11 18:00:00+00:00,0.0792158842086792,27.2816162109375,3.705578901911277,27.18203353881836
2010-08-12 00:00:00+00:00,0.1755672693252563,467.0387573242188,0.8910017190685,466.3638000488281
2010-08-12 06:00:00+00:00,0.0309365391731262,29.680688858032227,3.845888626532924,29.664119720458984
2010-08-12 12:00:00+00:00,0.0515631437301635,31.19567108154297,2.7682916556586363,31.15237045288086
2010-08-12 18:00:00+00:00,0.0358392000198364,28.38652610778809,2.961654653603321,28.367158889770508
2010-08-13 00:00:00+00:00,0.0893114805221557,28.10672378540039,2.886206372121109,27.98861694335937
2010-08-13 06:00:00+00:00,0.0464646816253662,32.6947135925293,3.545108265263079,32.65499496459961
2010-08-13 12:00:00+00:00,0.1653755903244018,322.5922546386719,0.8689681145430145,322.03741455078125
2010-08-13 18:00:00+00:00,0.1159358024597168,28.309032440185547,3.07680882649902,28.10458374023437
2010-08-14 00:00:00+00:00,0.0283981561660766,32.8076057434082,2.985380384594839,32.794193267822266
2010-08-14 06:00:00+00:00,0.0889449119567871,363.2615966796875,0.9244140260507816,363.0706787109375
2010-08-14 12:00:00+00:00,0.0724166631698608,32.94599151611328,2.834500881845816,32.85690689086914
2010-08-14 18:00:00+00:00,0.093454360961914,26.8847885131836,3.3221748275613745,26.749753952026367
2010-08-15 00:00:00+00:00,0.0417566299438476,28.30272102355957,3.255216701566371,28.27545547485352
2010-08-15 06:00:00+00:00,0.0261735916137695,231.56776428222656,1.326296581673552,231.5545654296875
2010-08-15 12:00:00+00:00,0.1206954717636108,22.738245010375977,3.484128526284493,22.541467666625977
2010-08-15 18:00:00+00:00,0.1777689456939697,24.22994804382324,3.832311497525295,23.786251068115234
2010-08-16 00:00:00+00:00,0.0158591866493225,37.72112655639648,2.252405187260854,37.7171516418457
2010-08-16 06:00:00+00:00,0.0840343236923217,29.83676719665528,3.5593808406742085,29.719802856445312
2010-08-16 12:00:00+00:00,0.0964924097061157,378.9278564453125,0.8934934504943053,378.7623901367188
2010-08-16 18:00:00+00:00,0.0297349691390991,26.7459716796875,3.4533928897071395,26.732988357543945
2010-08-17 00:00:00+00:00,0.0418789982795715,58.1370964050293,1.781020074069351,58.10734939575195
2010-08-17 06:00:00+00:00,0.0603384971618652,32.42295837402344,2.784351018578219,32.36181640625
2010-08-17 12:00:00+00:00,0.0068151950836181,32.14474105834961,2.8231964805625904,32.14400863647461
2010-08-17 18:00:00+00:00,0.0240389108657836,43.71751022338867,2.3439574432914725,43.70702362060547
2010-08-18 00:00:00+00:00,0.11160808801651,66.00495910644531,1.735107367646409,65.7665786743164
2010-08-18 06:00:00+00:00,0.0672563314437866,52.86388397216797,2.3383835524689065,52.77566146850586
2010-08-18 12:00:00+00:00,0.0898324251174926,41.178592681884766,2.1345503115275744,41.0448112487793
2010-08-18 18:00:00+00:00,0.1566553115844726,45.13283157348633,2.3245063018894228,44.70975875854492
2010-08-19 00:00:00+00:00,0.2345349788665771,57.05998611450195,2.3723988952259694,55.96665191650391
2010-08-19 06:00:00+00:00,0.2629648447036743,66.37287139892578,2.388539243461614,64.99010467529297
2010-08-19 12:00:00+00:00,0.2351472973823547,72.43316650390625,2.335302195198807,71.28143310546875
2010-08-19 18:00:00+00:00,0.2709969878196716,66.99161529541016,2.408606964682709,65.60697937011719
2010-08-20 00:00:00+00:00,0.3049870133399963,85.11714935302734,2.275626488055252,83.1011734008789
2010-08-20 06:00:00+00:00,0.2640095949172973,82.16111755371094,1.815250715923888,80.766357421875
2010-08-20 12:00:00+00:00,0.2745971083641052,75.03623962402344,1.8594455898493405,73.65421295166016
2010-08-20 18:00:00+00:00,0.3189415335655212,85.08829498291016,2.0956865677485808,83.03268432617188
2010-08-21 00:00:00+00:00,0.3583566546440124,115.5977020263672,2.0983877270570708,112.51497650146484
2010-08-21 06:00:00+00:00,0.3445581197738647,82.83208465576172,2.1347965883527595,80.5806884765625
2010-08-21 12:00:00+00:00,0.3496794700622558,71.88182067871094,1.855433063236519,69.87935638427734
2010-08-21 18:00:00+00:00,0.3480002284049988,104.66358947753906,1.7783245666591032,102.31024932861328
2010-08-22 00:00:00+00:00,0.3349468111991882,98.9520263671875,1.864971889375768,96.55973052978516
2010-08-22 06:00:00+00:00,0.3594749569892883,97.30821990966795,1.699946182086307,94.82472229003906
2010-08-22 12:00:00+00:00,0.4079664945602417,97.40315246582033,1.9229962192018248,94.5238800048828
2010-08-22 18:00:00+00:00,0.3993136286735534,111.04447174072266,1.7167077164654765,107.86575317382812
2010-08-23 00:00:00+00:00,0.3769518136978149,140.03277587890625,1.3876949455638592,136.87379455566406
2010-08-23 06:00:00+00:00,0.3937579393386841,98.81641387939452,1.7751068510969494,95.75798797607422
2010-08-23 12:00:00+00:00,0.3666415214538574,79.77688598632812,1.9279924374772697,77.45024108886719
2010-08-23 18:00:00+00:00,0.3558719158172607,109.16695404052734,1.7532726464098332,106.50115966796876
2010-08-24 00:00:00+00:00,0.345946192741394,99.42420959472656,1.874131477997765,96.8770980834961
2010-08-24 06:00:00+00:00,0.2769975662231445,74.51835632324219,1.8818825454540864,73.07274627685547
2010-08-24 12:00:00+00:00,0.3244774937629699,83.98674011230469,1.811572564602535,82.05072784423828
2010-08-24 18:00:00+00:00,0.3001431822776794,90.8487319946289,1.6253987084572878,89.07674407958984
2010-08-25 00:00:00+00:00,0.286166787147522,68.6379165649414,2.2254017612024377,67.04672241210938
2010-08-25 06:00:00+00:00,0.3107624053955078,90.5127410888672,1.9678476282070192,88.39340209960938
2010-08-25 12:00:00+00:00,0.3022733330726623,83.06147003173828,1.7030640056876254,81.37522888183594
2010-08-25 18:00:00+00:00,0.3097032904624939,80.56672668457031,1.9841518022474376,78.50670623779297
2010-08-26 00:00:00+00:00,0.2671988010406494,71.6856460571289,1.2578864223141486,70.40681457519531
2010-08-26 06:00:00+00:00,0.2750617861747741,65.66960144042969,2.383929575738933,64.17170715332031
2010-08-26 12:00:00+00:00,0.320668876171112,73.57315826416016,1.8689943262469284,71.6202392578125
2010-08-26 18:00:00+00:00,0.2553305625915527,62.57720184326172,2.1739621177754724,61.279083251953125
2010-08-27 00:00:00+00:00,0.3115658760070801,56.003021240234375,2.0904262411421017,54.30500411987305
2010-08-27 06:00:00+00:00,0.2815256714820862,53.56966781616211,2.342027791521965,52.08097076416016
2010-08-27 12:00:00+00:00,0.2671816945075989,59.76494216918945,1.994822115820612,58.54258728027344
2010-08-27 18:00:00+00:00,0.234706163406372,44.17332458496094,2.402420202678941,43.20396041870117
2010-08-28 00:00:00+00:00,0.2607378959655761,47.45985412597656,2.482260385211654,46.240867614746094
2010-08-28 06:00:00+00:00,0.2213290333747863,44.316551208496094,2.052522876214132,43.5057258605957
2010-08-28 12:00:00+00:00,0.261225938796997,122.1075668334961,1.1460086294235166,120.9499969482422
2010-08-28 18:00:00+00:00,0.2102852463722229,45.28965759277344,2.543932241663417,44.47613143920898
2010-08-29 00:00:00+00:00,0.2401399612426757,44.54366302490234,2.717462247395739,43.56744766235352
2010-08-29 06:00:00+00:00,0.1826814413070678,39.77547454833984,2.586657585707391,39.211517333984375
2010-08-29 12:00:00+00:00,0.2390435338020324,276.2542419433594,0.6735533283631978,275.2345275878906
2010-08-29 18:00:00+00:00,0.2098131775856018,43.18486785888672,2.854063803767597,42.345821380615234
2010-08-30 00:00:00+00:00,0.2775529026985168,56.72574615478516,2.318148867119836,55.34476852416992
2010-08-30 06:00:00+00:00,0.1929978728294372,43.65841293334961,2.632205889980668,42.97606658935547
2010-08-30 12:00:00+00:00,0.1452199220657348,41.95454406738281,2.596127630512928,41.57806015014648
2010-08-30 18:00:00+00:00,0.1544291377067566,47.1954460144043,2.6251074532948966,46.71383285522461
2010-08-31 00:00:00+00:00,0.1801629662513733,35.34034729003906,2.993371390053036,34.77184295654297
2010-08-31 06:00:00+00:00,0.1729413270950317,39.85396957397461,2.7263956555873023,39.31099319458008
2010-08-31 12:00:00+00:00,0.1050559878349304,32.12066650390625,2.8554827993836085,31.94688606262207
2010-08-31 18:00:00+00:00,0.0864635705947876,32.72636032104492,3.090978550798224,32.5998649597168
2010-09-01 00:00:00+00:00,0.1318538784980774,33.22523880004883,3.052968465382899,32.9378547668457
2010-09-01 06:00:00+00:00,0.0892781019210815,29.3826961517334,2.9003070487742675,29.267032623291016
2010-09-01 12:00:00+00:00,0.0588985681533813,30.84637451171875,2.28424556672101,30.80195999145508
2010-09-01 18:00:00+00:00,0.0153943300247192,44.82374572753906,2.3895258645675392,44.82003402709961
2010-09-02 00:00:00+00:00,0.0122195482254028,32.457374572753906,2.7952195015659016,32.455223083496094
2010-09-02 06:00:00+00:00,0.0236144065856933,34.84992218017578,2.424993464142097,34.84194564819336
2010-09-02 12:00:00+00:00,0.0012143850326538,38.02144241333008,2.063902895673063,38.02142333984375
2010-09-02 18:00:00+00:00,0.0024348497390747,35.659603118896484,2.182490971439648,35.65951156616211
2010-09-03 00:00:00+00:00,0.0241647958755493,33.133941650390625,2.629889921879786,33.125789642333984
2010-09-03 06:00:00+00:00,0.0588071346282959,35.103328704833984,2.67972606643769,35.04957580566406
2010-09-03 12:00:00+00:00,0.0333157777786254,38.163352966308594,2.4992872053256323,38.14861297607422
2010-09-03 18:00:00+00:00,0.007292628288269,33.975425720214844,2.7440108808763943,33.97462844848633
2010-09-04 00:00:00+00:00,0.0356976985931396,38.06106185913086,2.248555071174348,38.04237365722656
2010-09-04 06:00:00+00:00,0.0384123921394348,40.62834930419922,2.71030758391965,40.60148239135742
2010-09-04 12:00:00+00:00,0.1831071376800537,31.78834342956543,2.990284148655008,31.23550605773925
2010-09-04 18:00:00+00:00,0.1297711133956909,31.59502601623535,3.28443412927834,31.324352264404297
2010-09-05 00:00:00+00:00,0.1955320239067077,32.872276306152344,3.338434514360397,32.212581634521484
2010-09-05 06:00:00+00:00,0.2719621062278747,37.79287338256836,3.341072047923011,36.39341354370117
2010-09-05 12:00:00+00:00,0.0099691152572631,35.89198303222656,3.28543792894201,35.89021301269531
2010-09-05 18:00:00+00:00,0.1742488145828247,30.83398628234864,3.31683865577169,30.364431381225582
2010-09-06 00:00:00+00:00,0.2341019511222839,30.34409713745117,3.5044911103096483,29.439971923828125
2010-09-06 06:00:00+00:00,0.110133945941925,32.880123138427734,3.3294880192278784,32.67485809326172
2010-09-06 12:00:00+00:00,0.0324177742004394,26.534564971923828,3.770535591227449,26.51833724975586
2010-09-06 18:00:00+00:00,0.0777965784072876,29.150205612182617,3.3045283621013177,29.060895919799805
2010-09-07 00:00:00+00:00,0.1020243763923645,58.108985900878906,2.013191252083765,57.943092346191406
2010-09-07 06:00:00+00:00,0.0828312635421752,39.06044006347656,2.95292441204161,38.94264221191406
2010-09-07 12:00:00+00:00,0.0170525908470153,29.641822814941406,3.20701279027734,29.63779830932617
2010-09-07 18:00:00+00:00,0.0741894245147705,38.28348922729492,2.871298943200288,38.201507568359375
2010-09-08 00:00:00+00:00,0.0636354684829711,29.77538681030273,3.07086207440918,29.71476554870605
2010-09-08 06:00:00+00:00,0.0321935415267944,35.617305755615234,2.927817201314659,35.60059356689453
2010-09-08 12:00:00+00:00,0.0070703625679016,39.78411102294922,2.3218100234762504,39.78339385986328
2010-09-08 18:00:00+00:00,0.0217896699905395,40.77021026611328,2.440212440896734,40.76239776611328
2010-09-09 00:00:00+00:00,0.0349030494689941,43.04331970214844,2.083082122651968,43.0254020690918
2010-09-09 06:00:00+00:00,0.0204551219940185,29.670345306396484,3.1053305759234364,29.663890838623047
2010-09-09 12:00:00+00:00,0.0361562967300415,36.65545272827149,2.375856493823772,36.636863708496094
2010-09-09 18:00:00+00:00,0.0203104019165039,29.8190860748291,2.775876471922952,29.8127498626709
2010-09-10 00:00:00+00:00,0.0640838146209716,30.718027114868164,2.826715453206876,30.653827667236328
2010-09-10 06:00:00+00:00,0.002192735671997,37.402130126953125,2.3272862831971004,37.40205383300781
2010-09-10 12:00:00+00:00,0.0619093179702758,26.289419174194336,2.688408415752521,26.237625122070312
2010-09-10 18:00:00+00:00,0.0034375190734863,38.55679321289063,2.302612093475191,38.55661392211914
2010-09-11 00:00:00+00:00,0.002959132194519,48.29902267456055,1.909546958012504,48.29889297485352
2010-09-11 06:00:00+00:00,0.0273903608322143,28.411636352539062,2.7304400921347702,28.400861740112305
2010-09-11 12:00:00+00:00,0.0191657543182373,23.857295989990234,3.198580617385171,23.852611541748047
2010-09-11 18:00:00+00:00,0.0057504177093505,28.452695846557617,2.7782242460041062,28.45220947265625
2010-09-12 00:00:00+00:00,0.0341266393661499,30.48160552978516,2.9572204894928227,30.463054656982425
2010-09-12 06:00:00+00:00,0.0023990869522094,46.36096954345703,1.977369292551855,46.360877990722656
2010-09-12 12:00:00+00:00,0.0158790349960327,81.11724090576172,1.458085328747921,81.11305236816406
2010-09-12 18:00:00+00:00,0.0924232006072998,32.55085754394531,3.155534481588796,32.40488815307617
2010-09-13 00:00:00+00:00,0.0595985651016235,28.109697341918945,3.304837591952994,28.05443954467773
2010-09-13 06:00:00+00:00,0.0742412805557251,45.80228042602539,2.198414187566647,45.7138557434082
2010-09-13 12:00:00+00:00,0.116922378540039,25.31827735900879,3.2396821110390466,25.12677574157715
2010-09-13 18:00:00+00:00,0.0283894538879394,28.732084274291992,3.1043001388805034,28.72006797790528
2010-09-14 00:00:00+00:00,0.0214283466339111,36.63767623901367,2.7177987509155948,36.630008697509766
2010-09-14 06:00:00+00:00,0.0556290745735168,34.82513427734375,3.1760181409636745,34.771244049072266
2010-09-14 12:00:00+00:00,0.0479500293731689,38.48135757446289,2.562607039752493,38.44505310058594
2010-09-14 18:00:00+00:00,0.0833396315574646,50.24399948120117,2.1182176769300622,50.12331008911133
2010-09-15 00:00:00+00:00,0.1702845692634582,66.12747192382812,2.107244639028276,65.56442260742188
2010-09-15 06:00:00+00:00,0.1258960962295532,40.71150970458984,2.853295855024986,40.43955993652344
2010-09-15 12:00:00+00:00,0.2213431000709533,51.77462387084961,2.438610039388676,50.86756896972656
2010-09-15 18:00:00+00:00,0.2027375102043151,64.14390563964844,2.0897372445277576,63.4026985168457
2010-09-16 00:00:00+00:00,0.2001206278800964,53.1635856628418,2.610124620987476,52.39023208618164
2010-09-16 06:00:00+00:00,0.2766237258911133,74.38993072509766,2.2716740385289365,72.82014465332031
2010-09-16 12:00:00+00:00,0.2863074541091919,82.36676788330078,2.1110098757276248,80.71095275878906
2010-09-16 18:00:00+00:00,0.2860637307167053,97.60820770263672,1.9969320892351208,95.9460906982422
2010-09-17 00:00:00+00:00,0.3247969150543213,139.43870544433594,1.8062072972481429,136.98028564453125
2010-09-17 06:00:00+00:00,0.2189422249794006,50.64683151245117,2.571494498180162,49.831993103027344
2010-09-17 12:00:00+00:00,0.2881820797920227,62.37373352050781,2.229064694033928,60.86515808105469
2010-09-17 18:00:00+00:00,0.3089637756347656,79.89413452148438,2.415447549777246,78.1020278930664
2010-09-18 00:00:00+00:00,0.2731136083602905,118.77174377441406,1.8909428485232669,117.11595153808594
2010-09-18 06:00:00+00:00,0.3561769127845764,138.34852600097656,1.1029631597122995,136.04322814941406
2010-09-18 12:00:00+00:00,0.3190978765487671,76.1240005493164,1.94356487400606,74.43665313720703
2010-09-18 18:00:00+00:00,0.3299368023872375,83.91919708251953,2.310332469387524,81.75804138183594
2010-09-19 00:00:00+00:00,0.2973977923393249,103.83696746826172,2.0406355873691235,101.9156265258789
2010-09-19 06:00:00+00:00,0.3285765051841736,96.5372543334961,2.0768973634875394,94.42996215820312
2010-09-19 12:00:00+00:00,0.3107674717903137,82.17161560058594,1.6638314775586858,80.55779266357422
2010-09-19 18:00:00+00:00,0.2736798524856567,81.29827117919922,1.6661698444185666,79.92481231689453
2010-09-20 00:00:00+00:00,0.2600268721580505,62.73022079467773,2.39718147106212,61.4638786315918
2010-09-20 06:00:00+00:00,0.2880421280860901,56.583614349365234,1.977339570269376,55.19910430908203
2010-09-20 12:00:00+00:00,0.2491970658302307,53.80590438842773,2.246830120027289,52.85307693481445
2010-09-20 18:00:00+00:00,0.2933244109153747,62.34259796142578,2.3739195456497604,60.810768127441406
2010-09-21 00:00:00+00:00,0.2747030854225158,64.11322784423828,1.8922284850480744,62.778282165527344
2010-09-21 06:00:00+00:00,0.2954512238502502,69.77101135253906,2.217377355229788,68.15837097167969
2010-09-21 12:00:00+00:00,0.3008696436882019,81.68820190429688,2.059551166895541,80.05589294433594
2010-09-21 18:00:00+00:00,0.2902259230613708,77.60791778564453,2.0835083750847696,75.9310531616211
2010-09-22 00:00:00+00:00,0.3399835228919983,88.66834259033203,2.058706796803748,86.38549041748047
2010-09-22 06:00:00+00:00,0.3667854070663452,91.6416473388672,1.932357257638892,88.81082153320312
2010-09-22 12:00:00+00:00,0.3536224365234375,79.71671295166016,2.1078982512406,77.2391128540039
2010-09-22 18:00:00+00:00,0.3244398236274719,61.86078643798828,2.432935356016197,59.96165466308594
2010-09-23 00:00:00+00:00,0.2930397391319275,46.54111099243164,2.5091578845880167,45.00907516479492
2010-09-23 06:00:00+00:00,0.2835239171981811,69.99263000488281,2.146548355896098,68.44932556152344
2010-09-23 12:00:00+00:00,0.2808367609977722,51.66788864135742,2.597937579305325,50.26350021362305
2010-09-23 18:00:00+00:00,0.2913649678230285,50.57275390625,2.5371814992797903,49.03829193115234
2010-09-24 00:00:00+00:00,0.2685633897781372,41.68056869506836,2.73286815509257,40.420204162597656
2010-09-24 12:00:00+00:00,0.2498904466629028,43.87765502929688,2.240541376890782,42.92009353637695
2010-09-24 18:00:00+00:00,0.2378001809120178,45.96097183227539,2.158366376148855,45.05718612670898
2010-09-25 00:00:00+00:00,0.2591736316680908,36.72393798828125,2.903765483768858,35.61341094970703
2010-09-25 12:00:00+00:00,0.2841823101043701,44.32144927978516,2.6609396604071223,43.05053329467773
2010-09-25 18:00:00+00:00,0.2488120198249817,66.91952514648438,2.04485002207678,65.88275909423828
2010-09-26 00:00:00+00:00,0.2475671768188476,36.60529327392578,2.275116786687645,35.745269775390625
2010-09-26 12:00:00+00:00,0.1623557806015014,30.081527709960938,3.020742947549316,29.686298370361328
2010-09-26 18:00:00+00:00,0.1715659499168396,34.845367431640625,3.069245653845479,34.39566802978516
2010-09-27 00:00:00+00:00,0.1147329807281494,38.07088851928711,2.668481808571227,37.87389755249024
2010-09-27 12:00:00+00:00,0.117451012134552,28.37739944458008,2.676489710857869,28.182029724121094
2010-09-27 18:00:00+00:00,0.0518185496330261,29.386857986450195,3.115733885127264,29.34618759155273
2010-09-28 00:00:00+00:00,0.1169075965881347,38.8833236694336,2.521673190752523,38.68540191650391
2010-09-28 12:00:00+00:00,0.0138454437255859,34.97055435180664,2.6826413704471928,34.967918395996094
2010-09-28 18:00:00+00:00,0.0465141534805297,27.739076614379883,3.0025140657065967,27.70831680297852
2010-09-29 00:00:00+00:00,0.1441130638122558,35.38680648803711,2.9970958049884486,35.06378173828125
2010-09-29 12:00:00+00:00,0.055738091468811,30.63890838623047,3.0240426381113044,30.59682846069336
2010-09-29 18:00:00+00:00,0.1444242000579834,47.1867790222168,2.162472677610053,46.88836669921875
2010-09-30 00:00:00+00:00,0.2970681190490722,318.8470153808594,1.3636952036614718,317.18927001953125
2010-09-30 12:00:00+00:00,0.0987544059753418,189.5404815673828,1.276278162786433,189.37879943847656
2010-09-30 18:00:00+00:00,0.0290327072143554,39.63605880737305,2.3337238355912344,39.62262344360352
2010-10-01 00:00:00+00:00,0.0635172128677368,45.64687728881836,2.549676469661967,45.58339691162109
2010-10-01 12:00:00+00:00,0.0635668039321899,31.865964889526367,2.8296643694994144,31.807804107666016
2010-10-01 18:00:00+00:00,0.0985467433929443,123.45999908447266,1.4679930683299942,123.29022216796876
2010-10-02 00:00:00+00:00,0.0933600068092346,27.5382137298584,2.982139372546176,27.418113708496094
2010-10-02 12:00:00+00:00,0.0864641666412353,28.87438201904297,3.072822576111092,28.76889038085937
2010-10-02 18:00:00+00:00,0.1203637719154357,49.95112991333008,2.1808261334908385,49.7188835144043
2010-10-03 00:00:00+00:00,0.2226411700248718,26.16927528381348,3.347402943128609,25.488306045532227
2010-10-03 12:00:00+00:00,0.1249899864196777,25.7473087310791,3.185629161228667,25.53584098815918
2010-10-03 18:00:00+00:00,0.2284598350524902,31.44108772277832,3.402777001693229,30.59537124633789
2010-10-04 00:00:00+00:00,0.2101368308067321,37.73913192749024,2.4311420225996305,37.06821060180664
2010-10-04 12:00:00+00:00,0.0177068710327148,31.57761001586914,2.831101648693303,31.573184967041016
2010-10-04 18:00:00+00:00,0.0831087231636047,36.758209228515625,2.9787128172498303,36.64337158203125
2010-10-05 00:00:00+00:00,0.0679209232330322,26.290435791015625,3.098551936814569,26.228012084960938
2010-10-05 12:00:00+00:00,0.0119473934173583,23.44027328491211,2.985623886576981,23.438608169555664
2010-10-05 18:00:00+00:00,0.0074400305747985,33.626495361328125,2.969172285386308,33.62567138671875
2010-10-06 00:00:00+00:00,0.0482065677642822,31.62766456604004,2.5506972711056908,31.59668159484864
2010-10-06 06:00:00+00:00,0.000842809677124,32.99846649169922,3.04609281435461,32.99845886230469
2010-10-06 12:00:00+00:00,0.0777579545974731,51.886837005615234,2.168606910422623,51.79328155517578
2010-10-06 18:00:00+00:00,0.085837721824646,56.45853042602539,2.4459785143114647,56.327430725097656
2010-10-07 00:00:00+00:00,0.1135982275009155,36.68467712402344,2.630637902091458,36.472267150878906
2010-10-07 06:00:00+00:00,0.0324658155441284,35.30297088623047,2.942652799747849,35.28522491455078
2010-10-07 12:00:00+00:00,0.0812577009201049,48.0037727355957,2.2873572325932168,47.89070510864258
2010-10-07 18:00:00+00:00,0.0555571317672729,60.19705581665039,2.523147773680892,60.13901519775391
2010-10-08 00:00:00+00:00,0.0093174576759338,63.99192428588867,1.924398971051076,63.99024963378906
2010-10-08 06:00:00+00:00,0.0706051588058471,43.03310775756836,2.6143169886181856,42.94088745117188
2010-10-08 12:00:00+00:00,0.0034596920013427,31.91270065307617,3.0607622388950464,31.912506103515625
2010-10-08 18:00:00+00:00,0.0209971666336059,82.13346862792969,1.4903465968470824,82.12474060058594
2010-10-09 00:00:00+00:00,0.0267761945724487,36.30047225952149,3.046999749225266,36.28697967529297
2010-10-09 06:00:00+00:00,0.0125210285186767,41.11830520629883,2.764167081229883,41.11520767211914
2010-10-09 12:00:00+00:00,0.0247336030006408,80.97981262207031,1.5194170387459165,80.96807098388672
2010-10-09 18:00:00+00:00,0.0354074239730834,36.60400390625,3.3719244326747746,36.57848739624024
2010-10-10 00:00:00+00:00,0.0149476528167724,33.616336822509766,2.7589794882147087,33.61237335205078
2010-10-10 06:00:00+00:00,0.0816699862480163,36.88402938842773,2.838567923395822,36.75828170776367
2010-10-10 12:00:00+00:00,0.0562235713005065,37.31385040283203,2.651386602938914,37.25688552856445
2010-10-10 18:00:00+00:00,0.0885255932807922,37.35258102416992,2.906150390563148,37.20976638793945
2010-10-11 00:00:00+00:00,0.0894408822059631,30.12492752075196,3.17592590041884,29.998477935791016
2010-10-11 06:00:00+00:00,0.032999575138092,35.24418258666992,3.424914803025044,35.22377014160156
2010-10-11 12:00:00+00:00,0.0876805186271667,30.86785316467285,3.488006981164045,30.73746681213379
2010-10-11 18:00:00+00:00,0.0960627794265747,58.910980224609375,2.3906511390190923,58.71996688842773
2010-10-12 00:00:00+00:00,0.1603976488113403,505.7859802246094,0.928445577287744,505.16552734375
2010-10-12 06:00:00+00:00,0.0447515845298767,53.45449447631836,2.310742340217824,53.41102981567383
2010-10-12 12:00:00+00:00,0.2076448798179626,577.9295654296875,0.936360430494546,576.8543701171875
2010-10-12 18:00:00+00:00,0.0147173404693603,28.656082153320312,3.549864805229673,28.652544021606445
2010-10-13 00:00:00+00:00,0.1023563146591186,32.14521026611328,3.597015008235847,31.95792579650879
2010-10-13 06:00:00+00:00,0.2154746651649475,605.8208618164062,1.005222084730905,604.6609497070312
2010-10-13 12:00:00+00:00,0.0444279909133911,29.24398422241211,3.431617550292103,29.211593627929688
2010-10-13 18:00:00+00:00,0.0873135924339294,29.750083923339844,3.297838514322863,29.630401611328125
2010-10-14 00:00:00+00:00,0.1045410633087158,37.95219802856445,3.374618198693268,37.7415885925293
2010-10-14 06:00:00+00:00,0.2333536148071289,100.47206115722656,2.179529900980372,99.22439575195312
2010-10-14 12:00:00+00:00,0.0843164324760437,36.13286590576172,3.1049745482058704,36.004364013671875
2010-10-14 18:00:00+00:00,0.2324029803276062,50.80474090576172,2.9089179874237647,49.829891204833984
2010-10-15 00:00:00+00:00,0.3095195889472961,43.6993522644043,3.4503775712710887,41.58161544799805
2010-10-15 06:00:00+00:00,0.2286341190338134,70.94329833984375,3.067531347086399,69.6388168334961
2010-10-15 12:00:00+00:00,0.3171181678771972,228.22071838378903,1.8156373589984385,225.8436889648437
2010-10-15 18:00:00+00:00,0.2432301044464111,97.59134674072266,2.4804277179496084,96.30412292480467
2010-10-16 00:00:00+00:00,0.2564064264297485,70.20198059082031,2.698229655499393,68.93561553955078
2010-10-16 06:00:00+00:00,0.1954262852668762,48.79643630981445,2.8104211500227407,48.13705062866211
2010-10-16 12:00:00+00:00,0.2047029733657837,64.48088836669922,2.1530116146621703,63.8647689819336
2010-10-16 18:00:00+00:00,0.2783727645874023,82.82756042480469,2.030072417468346,81.40776824951172
2010-10-17 00:00:00+00:00,0.175811231136322,493.9161071777344,0.8768553949123863,493.1487731933594
2010-10-17 06:00:00+00:00,0.2875986099243164,62.27954864501953,2.722611958064654,60.8501091003418
2010-10-17 12:00:00+00:00,0.1399592161178589,57.19520950317383,2.2969501334436098,56.90005111694336
2010-10-17 18:00:00+00:00,0.2799733281135559,155.4649658203125,1.5399607276334226,153.83372497558594
2010-10-18 00:00:00+00:00,0.1898583769798278,90.89138793945312,1.865872278610635,90.19611358642578
2010-10-18 06:00:00+00:00,0.1811655163764953,68.94109344482422,1.9770412214668167,68.37472534179688
2010-10-18 12:00:00+00:00,0.2249143123626709,88.14895629882812,1.467248397624421,87.44105529785156
2010-10-18 18:00:00+00:00,0.104832649230957,44.84280776977539,2.475900970038869,44.684696197509766
2010-10-19 00:00:00+00:00,0.1076430082321167,42.87894821166992,2.525016060003113,42.7015266418457
2010-10-19 06:00:00+00:00,0.2271797657012939,42.80507278442383,2.7424871745827057,41.97078323364258
2010-10-19 12:00:00+00:00,0.1970875859260559,63.24913787841797,2.2698497835258515,62.61542892456055
2010-10-19 18:00:00+00:00,0.1481077075004577,44.80501174926758,2.3243196143971647,44.450077056884766
2010-10-20 00:00:00+00:00,0.2142653465270996,81.48529815673828,1.68218496681859,80.70316314697266
2010-10-20 06:00:00+00:00,0.1854597926139831,71.65038299560547,1.657362713157854,71.09961700439453
2010-10-20 12:00:00+00:00,0.1846809983253479,47.75437927246094,2.2964313919777872,47.279335021972656
2010-10-20 18:00:00+00:00,0.2567676901817322,59.20830535888672,2.337404352088104,58.157981872558594
2010-10-21 00:00:00+00:00,0.3291634917259216,73.5599594116211,2.1864816314808704,71.71603393554688
2010-10-21 06:00:00+00:00,0.2470586895942688,71.67041778564453,1.603503347719481,70.85564422607422
2010-10-21 12:00:00+00:00,0.3457047939300537,81.05608367919922,1.7229122269778936,79.52644348144531
2010-10-21 18:00:00+00:00,0.2598902583122253,67.9991226196289,1.597920419081296,67.0018081665039
2010-10-22 00:00:00+00:00,0.2357177734375,62.71017837524414,1.817216584994642,61.874210357666016
2010-10-22 06:00:00+00:00,0.2716704607009887,70.73284149169922,1.9774457745217773,69.55680084228516
2010-10-22 12:00:00+00:00,0.2178308367729187,35.861541748046875,2.165916537945554,35.386932373046875
2010-10-22 18:00:00+00:00,0.28864187002182,59.898136138916016,1.9656425190724625,58.80990219116211
2010-10-23 00:00:00+00:00,0.2469353079795837,34.66188049316406,2.334622972573455,33.99898147583008
2010-10-23 06:00:00+00:00,0.3072793483734131,75.73912811279297,1.93113124466896,74.38724517822266
2010-10-23 12:00:00+00:00,0.2612907290458679,52.555885314941406,2.302369212222703,51.66054153442383
2010-10-23 18:00:00+00:00,0.2393857836723327,56.35279846191406,2.2477895937076644,55.41875076293945
2010-10-24 00:00:00+00:00,0.2504041790962219,42.33445739746094,2.3295306694480216,41.38859176635742
2010-10-24 06:00:00+00:00,0.2656624913215637,75.88417053222656,2.115651761223625,74.53350067138672
2010-10-24 12:00:00+00:00,0.2096500396728515,43.61165237426758,2.6690388535395693,42.88557434082031
2010-10-24 18:00:00+00:00,0.2435771226882934,42.933685302734375,3.221606031333263,41.75830078125
2010-10-25 00:00:00+00:00,0.072481632232666,41.87107849121094,2.718596760491484,41.77909469604492
2010-10-25 06:00:00+00:00,0.1793403029441833,38.42646789550781,3.010267847603479,37.8779411315918
2010-10-25 12:00:00+00:00,0.0293614864349365,35.16819763183594,3.3507111726497176,35.15242385864258
2010-10-25 18:00:00+00:00,0.0485159754753112,35.71586227416992,3.4108857738350795,35.6687126159668
2010-10-26 00:00:00+00:00,0.0937032699584961,42.94679641723633,2.885572884644981,42.78214645385742
2010-10-26 06:00:00+00:00,0.1298643350601196,94.9791488647461,1.8260228840671164,94.62925720214844
2010-10-26 12:00:00+00:00,0.1387754678726196,35.44542694091797,3.1666828802955327,35.1302490234375
2010-10-26 18:00:00+00:00,0.1793349981307983,42.60015487670898,3.29938508840573,41.96004486083984
2010-10-27 00:00:00+00:00,0.1464544534683227,49.24189376831055,3.1723717659297,48.82260894775391
2010-10-27 06:00:00+00:00,0.1939433813095092,47.13561630249024,2.9599442309334365,46.44644546508789
2010-10-27 12:00:00+00:00,0.1383301019668579,41.04164123535156,2.909239566509381,40.71028518676758
2010-10-27 18:00:00+00:00,0.1095179319381713,54.381980895996094,2.337040138953528,54.13240051269531
2010-10-28 00:00:00+00:00,0.1095434427261352,63.38692855834961,2.37711292891365,63.12975692749024
2010-10-28 06:00:00+00:00,0.1381536722183227,117.18941497802734,1.7783576592753956,116.72508239746094
2010-10-28 12:00:00+00:00,0.1776154041290283,68.01246643066406,2.0595289152491247,67.35498046875
2010-10-28 18:00:00+00:00,0.0803596973419189,52.12838745117188,2.573540617203345,51.99781036376953
2010-10-29 00:00:00+00:00,0.0327228307723999,82.20524597167969,2.002573781172861,82.18096160888672
2010-10-29 06:00:00+00:00,0.0649791359901428,82.42281341552734,2.2901899394135365,82.33770751953125
2010-10-29 12:00:00+00:00,0.0121458768844604,68.05171203613281,2.440760111632522,68.04876708984375
2010-10-29 18:00:00+00:00,0.0728710293769836,253.43716430664065,1.2193848044465905,253.30941772460932
2010-10-30 00:00:00+00:00,0.0975111722946167,140.55987548828125,1.7369008541427964,140.30722045898438
2010-10-30 06:00:00+00:00,0.0595515370368957,70.54656982421875,2.3894021426135468,70.46981048583984
2010-10-30 12:00:00+00:00,0.0470889210700988,63.9823112487793,2.429262047841526,63.93767547607422
2010-10-30 18:00:00+00:00,0.0061660408973693,38.25105667114258,2.9328837659286497,38.25038146972656
2010-10-31 00:00:00+00:00,0.1513743996620178,360.9866943359375,1.2808890163404751,360.3672180175781
2010-10-31 06:00:00+00:00,0.0022946596145629,47.64167022705078,2.4950259302701507,47.64157104492188
2010-10-31 12:00:00+00:00,0.0224593877792358,38.0770263671875,2.83750731510744,38.06867980957031
2010-10-31 18:00:00+00:00,0.0316685438156127,37.71378707885742,2.7156809616239386,37.6966667175293
2010-11-01 00:00:00+00:00,0.0426581501960754,26.533308029174805,3.6260627451357177,26.50564765930176
2010-11-01 06:00:00+00:00,0.0424991846084594,40.14273834228516,2.614741009854337,40.10929870605469
2010-11-01 12:00:00+00:00,0.0033760070800781,31.978487014770508,2.770586497904199,31.97831153869629
2010-11-01 18:00:00+00:00,0.0470044612884521,43.79507446289063,2.372028150624179,43.76054763793945
2010-11-02 00:00:00+00:00,0.0280576944351196,28.99696159362793,2.9475448155635733,28.98456764221192
2010-11-02 06:00:00+00:00,0.0062000155448913,27.378921508789062,3.5568666657159187,27.37833023071289
2010-11-02 12:00:00+00:00,0.0562833547592163,25.412702560424805,3.615498425815472,25.3662109375
2010-11-02 18:00:00+00:00,0.0120502710342407,25.4890193939209,3.645787817553516,25.486814498901367
2010-11-03 00:00:00+00:00,0.008302092552185,25.84665298461914,3.8022226396815535,25.845579147338867
2010-11-03 06:00:00+00:00,0.0333945751190185,28.089717864990234,3.753256831566844,28.071456909179688
2010-11-03 12:00:00+00:00,0.042055606842041,26.91692924499512,3.3260637731001745,26.89112663269043
2010-11-03 18:00:00+00:00,0.0783125162124633,29.86807441711425,3.071803977255973,29.772844314575195
2010-11-04 00:00:00+00:00,0.0079922080039978,26.273801803588867,3.248534463425959,26.272846221923828
2010-11-04 06:00:00+00:00,0.0265014767646789,38.14326477050781,2.788020737367489,38.13176727294922
2010-11-04 12:00:00+00:00,0.025640070438385,24.08065795898437,2.9118928949862046,24.072227478027344
2010-11-05 00:00:00+00:00,0.0239107608795166,20.354705810546875,3.530090333348296,20.3479118347168
2010-11-05 06:00:00+00:00,0.0612034797668457,41.23366165161133,2.026879996915832,41.1767692565918
2010-11-05 12:00:00+00:00,0.0390946865081787,25.67329978942871,2.637724932492874,25.654102325439453
2010-11-05 18:00:00+00:00,0.0193761587142944,27.73198509216309,2.985300550913314,27.72696685791016
2010-11-06 00:00:00+00:00,0.1046407222747802,27.30550575256348,2.971303646683755,27.1508731842041
2010-11-06 06:00:00+00:00,0.0604286789894104,34.143436431884766,2.619652762894116,34.090301513671875
2010-11-06 12:00:00+00:00,0.0357627272605896,27.52286529541016,2.90365763000424,27.50609588623047
2010-11-06 18:00:00+00:00,0.0724310874938964,26.817750930786133,3.142506581238545,26.74684715270996
2010-11-07 00:00:00+00:00,0.0019371509552001,43.09429550170898,2.048813213336229,43.0942497253418
2010-11-07 06:00:00+00:00,0.0191603899002075,31.142784118652344,2.845325976485165,31.13713264465332
2010-11-07 12:00:00+00:00,0.0184882283210754,38.73372268676758,2.1193362154655864,38.72890472412109
2010-11-07 18:00:00+00:00,0.0325689315795898,30.42777442932129,2.806014149916771,30.41230773925781
2010-11-08 00:00:00+00:00,0.0185096859931945,36.94325256347656,2.275833133234386,36.93824768066406
2010-11-08 06:00:00+00:00,0.0048214197158813,37.60784149169922,2.3271160812590943,37.60747146606445
2010-11-08 12:00:00+00:00,0.0610015392303466,32.22068405151367,2.716921400165114,32.166534423828125
2010-11-08 18:00:00+00:00,0.0107070207595825,27.812175750732425,3.484676623981992,27.810407638549805
2010-11-09 00:00:00+00:00,0.0456491708755493,33.70962905883789,2.507872197890358,33.67838287353516
2010-11-09 06:00:00+00:00,0.0139201879501342,24.44894027709961,3.265217088189393,24.446224212646484
2010-11-09 12:00:00+00:00,0.0288981199264526,30.570236206054688,2.930289558838444,30.55801773071289
2010-11-09 18:00:00+00:00,0.0215266942977905,28.56121253967285,2.909960952156302,28.554479598999023
2010-11-10 00:00:00+00:00,0.0637156963348388,30.553680419921875,2.9532533123337945,30.492088317871094
2010-11-10 06:00:00+00:00,0.0208039879798889,23.367412567138672,3.492123718437925,23.36172103881836
2010-11-10 12:00:00+00:00,0.0045933723449707,20.70706558227539,3.3615890284016228,20.70681953430176
2010-11-10 18:00:00+00:00,0.1895208954811096,609.9345703125,0.8783966449313917,609.1893920898438
2010-11-11 00:00:00+00:00,0.1308643817901611,391.0953063964844,1.010449706136504,390.777587890625
2010-11-11 06:00:00+00:00,0.0663074254989624,26.971830368041992,3.0929471986100285,26.91726493835449
2010-11-11 12:00:00+00:00,0.0676044225692749,226.975326538086,1.4278129664970227,226.9076995849609
2010-11-11 18:00:00+00:00,0.0182786583900451,727.8949584960938,0.5523771537859531,727.887451171875
2010-11-12 00:00:00+00:00,0.2246879339218139,801.2131958007812,0.97158745223221,800.1163940429688
2010-11-12 06:00:00+00:00,0.1991540193557739,355.7011108398437,1.0057356042665435,355.0576477050781
2010-11-12 12:00:00+00:00,0.0048827528953552,258.8178405761719,1.0329445304098055,258.8175048828125
2010-11-12 18:00:00+00:00,0.0184401869773864,49.22908401489258,2.340828340978593,49.22428131103516
2010-11-13 00:00:00+00:00,0.1726603507995605,985.8790893554688,0.4587511812744835,985.0730590820312
2010-11-13 06:00:00+00:00,0.096618115901947,831.4640502929688,0.6746490972697314,831.2693481445312
2010-11-13 12:00:00+00:00,0.0091202855110168,43.16829299926758,2.547775657971795,43.16715621948242
2010-11-13 18:00:00+00:00,0.1370593309402465,52.66084671020508,2.143426478621282,52.37629699707031
2010-11-14 00:00:00+00:00,0.0636903047561645,28.56415367126465,2.555882276898614,28.515281677246094
2010-11-14 06:00:00+00:00,0.0524137616157531,47.6939582824707,2.2617357075872,47.65278244018555
2010-11-14 12:00:00+00:00,0.00226891040802,40.30165100097656,2.694135715954649,40.30157470703125
2010-11-14 18:00:00+00:00,0.015248417854309,38.33441162109375,2.773400127590934,38.33042526245117
2010-11-15 00:00:00+00:00,0.0515667200088501,48.78157806396485,2.2032083976159,48.73391342163086
2010-11-15 06:00:00+00:00,0.1103272438049316,297.6393127441406,1.013635475851414,297.3940734863281
2010-11-15 12:00:00+00:00,0.0571996569633483,336.577880859375,0.90116055731418,336.5089416503906
2010-11-15 18:00:00+00:00,0.0177518129348754,58.26355743408203,1.928917681162088,58.257118225097656
2010-11-16 00:00:00+00:00,0.0192852020263671,45.43557357788086,2.5771647503557364,45.42780303955078
2010-11-16 06:00:00+00:00,0.0851632952690124,329.6190185546875,0.892405904445436,329.4418029785156
2010-11-16 12:00:00+00:00,0.0070991516113281,57.21260833740234,2.020255694852715,57.21154022216797
2010-11-16 18:00:00+00:00,0.0289576053619384,60.64475631713867,2.0400591622650994,60.625144958496094
2010-11-17 00:00:00+00:00,0.0019454956054687,69.70083618164062,1.9427834380880395,69.70075225830078
2010-11-17 06:00:00+00:00,0.0761032700538635,116.67213439941406,1.4326840816023252,116.52824401855467
2010-11-17 12:00:00+00:00,0.0333555936813354,66.77710723876953,1.860677146305456,66.75031280517578
2010-11-17 18:00:00+00:00,0.048329472541809,150.7880859375,1.446749022604787,150.723388671875
2010-11-18 00:00:00+00:00,0.020942747592926,148.8959503173828,1.2711440459865964,148.88357543945312
2010-11-18 06:00:00+00:00,0.0132074356079101,85.22989654541016,1.7754601298743828,85.22528839111328
2010-11-18 12:00:00+00:00,0.1397665739059448,238.43072509765625,1.415198320262644,237.8204040527344
2010-11-18 18:00:00+00:00,0.0522594451904296,47.39092254638672,3.154430158562463,47.32484817504883
2010-11-19 00:00:00+00:00,0.1005694866180419,286.22882080078125,1.3440827975447849,285.92742919921875
2010-11-19 06:00:00+00:00,0.0239360332489013,45.76741409301758,3.215109879754414,45.75450897216797
2010-11-19 12:00:00+00:00,0.0965344905853271,286.9242248535156,1.2605002217298755,286.7070617675781
2010-11-19 18:00:00+00:00,0.261229395866394,2283.385986328125,0.6148589433298913,2280.569580078125
2010-11-20 00:00:00+00:00,0.0562891960144043,357.6546630859375,1.193649375426464,357.577880859375
2010-11-20 06:00:00+00:00,0.0160185694694519,475.0353393554688,1.2115809788527088,475.0279541015625
2010-11-20 12:00:00+00:00,0.1518479585647583,1885.6805419921875,0.8944940162668988,1884.744140625
2010-11-20 18:00:00+00:00,0.0191200375556945,1291.8818359375,0.7885959579895406,1291.869140625
2010-11-21 00:00:00+00:00,0.3970108032226562,93.2514877319336,2.835460371790304,89.44715881347656
2010-11-21 06:00:00+00:00,0.3684076070785522,132.75477600097656,2.620414692892411,128.54833984375
2010-11-21 12:00:00+00:00,0.1010728478431701,99.70599365234376,2.7804289471528216,99.45513153076172
2010-11-21 18:00:00+00:00,0.0822094082832336,47.33705139160156,2.824646029522496,47.2223014831543
2010-11-22 00:00:00+00:00,0.0847730636596679,23.85832977294922,3.650585173811239,23.7627067565918
2010-11-22 06:00:00+00:00,0.2615499496459961,34.789764404296875,3.3568028319074816,33.66456604003906
2010-11-22 12:00:00+00:00,0.0432187914848327,805.4827880859375,0.6656016062275326,805.4420776367188
2010-11-22 18:00:00+00:00,0.1521531343460083,194.0775604248047,1.8304952778111976,193.4774932861328
2010-11-23 00:00:00+00:00,0.2809665203094482,58.03064727783203,2.6231243346999653,56.68526840209961
2010-11-23 06:00:00+00:00,0.2059756517410278,37.54703903198242,3.0982547640634786,36.85085678100586
2010-11-23 12:00:00+00:00,0.1290624141693115,36.50251388549805,2.7139447026374466,36.26445770263672
2010-11-23 18:00:00+00:00,0.1857002973556518,39.70216369628906,2.709644154976165,39.14504623413086
2010-11-24 00:00:00+00:00,0.2251386642456054,41.17203903198242,3.0624944566234813,40.24496078491211
2010-11-24 06:00:00+00:00,0.1836986541748047,40.650169372558594,2.514376264192884,40.035377502441406
2010-11-24 12:00:00+00:00,0.1600311994552612,49.063777923583984,1.9528471221657555,48.64048385620117
2010-11-24 18:00:00+00:00,0.1999180316925048,50.275634765625,2.864615073875403,49.54500198364258
2010-11-25 00:00:00+00:00,0.146418809890747,53.09146499633789,2.5636661717754694,52.62937927246094
2010-11-25 06:00:00+00:00,0.1482887268066406,44.60786819458008,2.7669252311793224,44.178035736083984
2010-11-25 12:00:00+00:00,0.1882282495498657,39.08927536010742,2.989064409513481,38.44512939453125
2010-11-25 18:00:00+00:00,0.1107066869735717,35.91096115112305,2.944834463022593,35.69587326049805
2010-11-26 00:00:00+00:00,0.1868119239807129,58.36883544921875,2.2489888758650647,57.63566970825195
2010-11-26 06:00:00+00:00,0.1360516548156738,47.52058029174805,2.807942015224896,47.14546203613281
2010-11-26 12:00:00+00:00,0.1360642910003662,38.44252395629883,2.9800085607080584,38.09640502929688
2010-11-26 18:00:00+00:00,0.1177194118499755,35.723018646240234,2.7239490401465187,35.480220794677734
2010-11-27 00:00:00+00:00,0.1420602798461914,36.3382682800293,3.218691760973472,35.95859146118164
2010-11-27 06:00:00+00:00,0.1308275461196899,38.68769454956055,2.850246897564693,38.366798400878906
2010-11-27 12:00:00+00:00,0.1047343015670776,45.99869155883789,2.440319546342685,45.789737701416016
2010-11-27 18:00:00+00:00,0.1247022151947021,56.15589904785156,1.914924818250624,55.86467361450195
2010-11-28 00:00:00+00:00,0.0682449340820312,36.47735977172852,2.9920089686149223,36.38888931274414
2010-11-28 06:00:00+00:00,0.0497980117797851,31.493728637695312,3.152861408945119,31.45163345336914
2010-11-28 12:00:00+00:00,0.0482118129730224,216.0723876953125,1.0976893367570268,216.02745056152344
2010-11-28 18:00:00+00:00,0.1645240783691406,30.23862075805664,3.301060730896753,29.79258728027344
2010-11-29 00:00:00+00:00,0.0294322967529296,231.75912475585932,1.1175800697285687,231.7421417236328
2010-11-29 06:00:00+00:00,0.0358742475509643,246.8751373291016,1.1333793529069354,246.8500823974609
2010-11-29 12:00:00+00:00,0.1147421598434448,25.963632583618164,3.7239386188948895,25.76026153564453
2010-11-29 18:00:00+00:00,0.1568019390106201,59.82814407348633,1.9161835830540268,59.397003173828125
2010-11-30 00:00:00+00:00,0.0789263248443603,30.606779098510746,2.6833554528622754,30.5081729888916
2010-11-30 06:00:00+00:00,0.0094476342201232,215.3251953125,1.1076260471126265,215.32362365722656
2010-11-30 12:00:00+00:00,0.1082715988159179,26.029071807861328,3.344452404619081,25.85596466064453
2010-11-30 18:00:00+00:00,0.0275909900665283,26.635866165161133,3.5302212363679497,26.62386512756348
2010-12-01 00:00:00+00:00,0.1013684272766113,52.2414665222168,1.932305633280754,52.06095886230469
2010-12-01 06:00:00+00:00,0.1008152961730957,27.810871124267575,3.210394574180174,27.65330696105957
2010-12-01 12:00:00+00:00,0.1115988492965698,55.704708099365234,1.7549022381408168,55.498416900634766
2010-12-01 18:00:00+00:00,0.0572526454925537,28.00743865966797,3.195636746347534,27.95709228515625
2010-12-02 00:00:00+00:00,0.0661505460739135,31.455968856811523,2.7047169455511773,31.38300132751465
2010-12-02 06:00:00+00:00,0.0628572702407836,50.76535415649414,1.7777457269600636,50.70240020751953
2010-12-02 12:00:00+00:00,0.0091684460639953,33.87507629394531,2.697822177591104,33.87369155883789
2010-12-02 18:00:00+00:00,0.0308510065078735,38.991580963134766,2.395253789467196,38.97541046142578
2010-12-03 00:00:00+00:00,0.0016944408416748,61.289058685302734,2.016998190710728,61.28900146484375
2010-12-03 06:00:00+00:00,0.0038419961929321,59.08890151977539,1.5187485457626455,59.088653564453125
2010-12-04 00:00:00+00:00,0.0426188111305236,77.94287109375,1.2276072203812762,77.9112548828125
2010-12-04 06:00:00+00:00,0.0307520031929016,49.36670684814453,2.142635588548333,49.35048675537109
2010-12-04 12:00:00+00:00,0.0375986695289611,37.06638717651367,2.496541417318976,37.043724060058594
2010-12-04 18:00:00+00:00,0.0018128752708435,55.96688079833984,1.9512146492003624,55.96682357788086
2010-12-05 00:00:00+00:00,0.0523080825805664,39.87798309326172,3.09897762352838,39.82284164428711
2010-12-05 06:00:00+00:00,0.0084057450294494,34.79926300048828,2.7946452924076297,34.798099517822266
2010-12-05 12:00:00+00:00,0.0629721879959106,234.02127075195312,0.7890918727417037,233.95199584960935
2010-12-05 18:00:00+00:00,0.0095881819725036,141.10206604003906,1.0955883390205698,141.10032653808594
2010-12-06 00:00:00+00:00,0.0732779502868652,274.24591064453125,0.9189564122415445,274.1393127441406
2010-12-06 06:00:00+00:00,0.0943455100059509,50.14627456665039,2.2685989182309427,49.99610900878906
2010-12-06 12:00:00+00:00,0.0342022776603698,36.12812042236328,2.569460055922961,36.11111068725586
2010-12-06 18:00:00+00:00,0.0971238017082214,161.2530059814453,1.25835775361264,161.0516357421875
2010-12-07 00:00:00+00:00,0.1502705216407776,195.96536254882807,1.1762104460383305,195.4985198974609
2010-12-07 06:00:00+00:00,0.1004047989845275,50.62257385253906,2.708904241706805,50.42607879638672
2010-12-07 12:00:00+00:00,0.0877694487571716,185.31658935546875,1.1690677590138794,185.16917419433597
2010-12-07 18:00:00+00:00,0.1247618794441223,157.79061889648438,1.234153865147571,157.49249267578125
2010-12-08 00:00:00+00:00,0.0972635149955749,61.02653121948242,2.4749730397694787,60.84558868408203
2010-12-08 06:00:00+00:00,0.1042416095733642,251.13723754882807,1.087437937553922,250.9200134277344
2010-12-08 12:00:00+00:00,0.0954673886299133,43.68695831298828,2.747574937771583,43.51036071777344
2010-12-08 18:00:00+00:00,0.0796928405761718,45.93220901489258,2.3452292288138645,45.82630157470703
2010-12-09 00:00:00+00:00,0.0958339571952819,54.140323638916016,2.352662711372961,53.96365737915039
2010-12-09 06:00:00+00:00,0.1083995103836059,100.36602020263672,1.5750971503203146,100.1478271484375
2010-12-09 12:00:00+00:00,0.1145403385162353,76.36028289794922,1.9508908346319775,76.10307312011719
2010-12-09 18:00:00+00:00,0.074322760105133,70.51824188232422,1.9615337427340127,70.4095458984375
2010-12-10 00:00:00+00:00,0.1819579005241394,69.36180877685547,2.1183629393700945,68.72015380859375
2010-12-10 06:00:00+00:00,0.1604668498039245,79.4451904296875,1.5271210486058788,78.97889709472656
2010-12-10 12:00:00+00:00,0.175810694694519,91.43091583251952,1.517579601932708,90.83766174316406
2010-12-10 18:00:00+00:00,0.173074185848236,72.84107208251953,2.298834660217228,72.22242736816406
2010-12-11 00:00:00+00:00,0.1849700808525085,71.5340347290039,2.279783435445327,70.85105895996094
2010-12-11 06:00:00+00:00,0.2066216468811035,90.36409759521484,1.820053017293515,89.45201110839844
2010-12-11 12:00:00+00:00,0.1737294793128967,61.27385711669922,2.43114617566964,60.66112518310547
2010-12-11 18:00:00+00:00,0.2288962602615356,89.31981658935547,1.9082196860096796,88.07566833496094
2010-12-12 00:00:00+00:00,0.2670432925224304,110.95384979248048,1.8715961880984036,109.22227478027344
2010-12-12 06:00:00+00:00,0.2046825885772705,84.47879791259766,2.0237301338232663,83.50897979736328
2010-12-12 12:00:00+00:00,0.200488805770874,87.95050048828125,1.9371736723847464,87.04178619384766
2010-12-12 18:00:00+00:00,0.1324955224990844,108.7615737915039,1.5291399417863814,108.2956085205078
2010-12-13 00:00:00+00:00,0.1400527358055114,103.68365478515624,1.6666007429228789,103.20083618164062
2010-12-13 06:00:00+00:00,0.157600462436676,82.4217529296875,1.9453255324016312,81.83832550048828
2010-12-13 12:00:00+00:00,0.1370162367820739,88.59043884277344,2.23717901561108,88.06515502929688
2010-12-13 18:00:00+00:00,0.1502094864845276,123.22518920898438,1.5554674380534763,122.62596130371094
2010-12-14 00:00:00+00:00,0.1602189540863037,97.68331146240234,1.6881546181360516,97.0499496459961
2010-12-14 06:00:00+00:00,0.1677547097206115,90.14459991455078,1.9070188699927824,89.46682739257812
2010-12-14 12:00:00+00:00,0.1635807156562805,129.43417358398438,1.6884304557776175,128.7534942626953
2010-12-14 18:00:00+00:00,0.1423952579498291,125.18523406982422,1.8125079951393743,124.61585235595705
2010-12-15 00:00:00+00:00,0.1591877341270446,138.0203399658203,1.8798517991709895,137.27520751953125
2010-12-15 06:00:00+00:00,0.1276730298995971,138.310791015625,1.6192840851801733,137.8798828125
2010-12-15 12:00:00+00:00,0.1616897583007812,137.29022216796875,1.857873683252655,136.5520477294922
2010-12-15 18:00:00+00:00,0.0843077301979065,154.3622589111328,1.6316455061017705,154.13706970214844
2010-12-16 00:00:00+00:00,0.1718633770942688,246.1827392578125,1.6913309755648804,245.135498046875
2010-12-16 06:00:00+00:00,0.1435317397117614,189.07125854492188,1.6708164855555083,188.44371032714844
2010-12-16 12:00:00+00:00,0.068824291229248,166.31039428710938,1.5711131912811445,166.16555786132812
2010-12-16 18:00:00+00:00,0.0960950255393982,215.0694274902344,1.558676415972717,214.7720184326172
2010-12-17 00:00:00+00:00,0.1444961428642273,202.61505126953125,1.5760543293987452,201.8909912109375
2010-12-17 06:00:00+00:00,0.0508826375007629,143.62437438964844,1.803957020788103,143.54534912109375
2010-12-17 12:00:00+00:00,0.092664897441864,86.36373138427734,2.140083409817004,86.13963317871094
2010-12-17 18:00:00+00:00,0.055387794971466,171.98936462402344,1.7610872922198353,171.88973999023438
2010-12-18 00:00:00+00:00,0.0780293345451355,124.2830047607422,1.6781820263516187,124.09781646728516
2010-12-18 06:00:00+00:00,0.0764280557632446,99.3283462524414,1.8299296741,99.16217041015624
2010-12-18 12:00:00+00:00,0.0040116310119628,68.03311157226562,2.358411702428224,68.03268432617188
2010-12-18 18:00:00+00:00,0.0189241170883178,69.40380096435547,2.6015772517452858,69.39277648925781
2010-12-19 00:00:00+00:00,0.0336805582046508,82.29841613769531,2.3624124296597304,82.26441955566406
2010-12-19 06:00:00+00:00,0.0062240362167358,62.63994216918945,2.741017881252706,62.63886642456055
2010-12-19 12:00:00+00:00,0.0158390998840332,67.04642486572266,2.787921641038978,67.03921508789062
2010-12-19 18:00:00+00:00,0.0610765218734741,126.88973999023438,2.1715445159677627,126.75830841064452
2010-12-20 00:00:00+00:00,0.108250617980957,46.84577178955078,3.7515408103540464,46.53193283081055
2010-12-20 06:00:00+00:00,0.1114552021026611,47.72085189819336,3.3710442092532054,47.40578079223633
2010-12-20 12:00:00+00:00,0.1392848491668701,64.93437957763672,3.486032943273518,64.29582977294922
2010-12-20 18:00:00+00:00,0.1578885316848755,54.15290069580078,3.5324367005626423,53.4236946105957
2010-12-21 00:00:00+00:00,0.0577958822250366,44.07008743286133,3.554402631167166,43.98737716674805
2010-12-21 06:00:00+00:00,0.0994188785552978,39.2364616394043,3.7644498701945537,39.010929107666016
2010-12-21 12:00:00+00:00,0.0550522804260253,41.780609130859375,3.4894377774460703,41.71274948120117
2010-12-21 18:00:00+00:00,0.1550976037979126,55.86161804199219,3.2564376213077004,55.17414855957031
2010-12-22 00:00:00+00:00,0.0914859771728515,58.78960037231445,3.374964755096181,58.53401565551758
2010-12-22 06:00:00+00:00,0.1327759027481079,48.949928283691406,3.395958788106928,48.48969268798828
2010-12-22 12:00:00+00:00,0.1558599472045898,55.48273086547852,2.885027832076582,54.863548278808594
2010-12-22 18:00:00+00:00,0.0791652202606201,108.47921752929688,2.0821709983952443,108.27503967285156
2010-12-23 00:00:00+00:00,0.1589863300323486,59.65694046020508,3.1059252110753146,58.92517852783203
2010-12-23 06:00:00+00:00,0.1671375036239624,60.85485076904297,2.85356684912854,60.09160614013672
2010-12-23 12:00:00+00:00,0.1973253488540649,65.0335693359375,2.4696663615270094,64.02568817138672
2010-12-23 18:00:00+00:00,0.1577051877975464,120.4250030517578,2.1251360659044907,119.61919403076172
2010-12-24 00:00:00+00:00,0.1612268686294555,78.9850082397461,2.533653534473181,78.21218872070312
2010-12-24 06:00:00+00:00,0.1188733577728271,57.13667297363281,2.871720667819983,56.76982879638672
2010-12-24 12:00:00+00:00,0.1360338926315307,63.1046028137207,2.722256936349317,62.61511993408203
2010-12-24 18:00:00+00:00,0.1762456893920898,101.8192138671875,2.308236078885965,100.81266784667967
2010-12-25 00:00:00+00:00,0.1272481679916381,100.94599151611328,2.064259329719259,100.45719909667967
2010-12-25 06:00:00+00:00,0.1594606637954712,59.06940460205078,2.665997256921275,58.43413543701172
2010-12-25 12:00:00+00:00,0.1235557794570922,69.30300903320312,2.354327396642979,68.88324737548828
2010-12-25 18:00:00+00:00,0.1793649196624755,107.11461639404295,2.185744848897551,106.04551696777344
2010-12-26 00:00:00+00:00,0.0969704389572143,75.75938415527344,2.798648929668221,75.45726013183594
2010-12-26 06:00:00+00:00,0.1639164686203003,67.54329681396484,2.5750602840079893,66.85266876220703
2010-12-26 12:00:00+00:00,0.1793370246887207,59.2071418762207,3.072536983809727,58.29747009277344
2010-12-26 18:00:00+00:00,0.1069498062133789,69.00019073486328,2.8371467365906096,68.6484146118164
2010-12-27 00:00:00+00:00,0.125177264213562,95.61289978027344,1.9382764945499769,95.10370635986328
2010-12-27 06:00:00+00:00,0.1049585342407226,78.69451904296875,2.1994474820762,78.36061096191406
2010-12-27 12:00:00+00:00,0.0985525846481323,70.04485321044922,2.7618694485531536,69.7397232055664
2010-12-27 18:00:00+00:00,0.1206475496292114,76.40852355957031,2.578529402867231,75.90866088867188
2010-12-28 00:00:00+00:00,0.1368149518966674,73.21800994873047,2.8022298721802525,72.59244537353516
2010-12-28 06:00:00+00:00,0.0547176599502563,57.64120101928711,3.068943434701146,57.552093505859375
2010-12-28 12:00:00+00:00,0.1281936168670654,66.44944763183594,2.729408565782528,65.93864440917969
2010-12-28 18:00:00+00:00,0.0562644004821777,79.36851501464844,2.904985814597328,79.25115966796875
2010-12-29 00:00:00+00:00,0.0889004468917846,73.51473236083984,2.739417466520905,73.23948669433594
2010-12-29 06:00:00+00:00,0.0905128717422485,70.54502868652344,2.5568636734952275,70.28187561035156
2010-12-29 12:00:00+00:00,0.1415736675262451,64.33600616455078,3.1138374196311984,63.70757293701172
2010-12-29 18:00:00+00:00,0.0919245481491088,72.8814926147461,2.7361019866589325,72.58621978759766
2010-12-30 00:00:00+00:00,0.0828279256820678,78.5420913696289,2.5001818473881072,78.29733276367188
2010-12-30 06:00:00+00:00,0.095489501953125,77.1822738647461,2.3864048201003065,76.90240478515625
2010-12-30 12:00:00+00:00,0.0726047754287719,71.22666931152344,2.6726758090344074,71.06304931640625
2010-12-30 18:00:00+00:00,0.04537689685821533,67.20878601074219,3.028020941294038,67.13996887207031
2010-12-31 00:00:00+00:00,0.05096852779388428,77.47077178955078,2.3005015009959746,77.38031005859375
2010-12-31 06:00:00+00:00,0.0306551456451416,68.55628967285156,2.4056130249124785,68.52710723876953
2010-12-31 12:00:00+00:00,0.04693448543548584,87.20162200927734,1.953222669655823,87.12855529785156
2010-12-31 18:00:00+00:00,0.033213257789611816,77.1510009765625,1.992025128866429,77.11397552490234
