train_regime,test_regime,variant,event,rmse,mae,n
2010,2011,control,hss_event,92.34846612884704,72.38123112400481,1835
2010,2011,control,non_event,82.59844661760496,64.14162251716917,6925
2010,2011,treatment,hss_event,100.76804843701264,77.76955556427751,1835
2010,2011,treatment,non_event,80.81939666126137,61.59226525922975,6925
2010,2012,control,hss_event,75.82309300199348,55.98261342729841,1568
2010,2012,control,non_event,88.39630593611594,70.97995221799863,7216
2010,2012,treatment,hss_event,82.8320292253888,60.78880726561255,1568
2010,2012,treatment,non_event,85.01302561318757,66.08203290782852,7216
2010,2013,control,hss_event,81.47813289111252,62.020834915843885,1922
2010,2013,control,non_event,89.2666802551464,75.9678454771361,6725
2010,2013,treatment,hss_event,86.75414589229369,65.89387577306964,1922
2010,2013,treatment,non_event,85.50729146105095,70.932088033116,6725
2010,2014,control,hss_event,87.8845694770062,58.98842282565135,2120
2010,2014,control,non_event,76.56536699636042,63.490393737425286,6640
2010,2014,treatment,hss_event,87.40170802717931,58.73018276286575,2120
2010,2014,treatment,non_event,74.19340635874973,60.91924944498453,6640
2010,2015,control,hss_event,104.02115344201539,81.51867125600512,1836
2010,2015,control,non_event,85.86158145336118,69.1607595054763,6924
2010,2015,treatment,hss_event,106.12646667324218,84.22088799237686,1836
2010,2015,treatment,non_event,82.98609163198621,65.44573112060264,6924
2010,2016,control,hss_event,90.60008527203347,71.06554654955424,3252
2010,2016,control,non_event,77.36461846023369,61.642260956724314,5377
2010,2016,treatment,hss_event,91.99554796110142,73.0454643409044,3252
2010,2016,treatment,non_event,74.3352854774615,57.656109807569784,5377
2010,2017,control,hss_event,89.21717458971818,70.8252440151559,3843
2010,2017,control,non_event,78.47117834173706,65.41702395259352,4917
2010,2017,treatment,hss_event,88.51018311827464,70.44512478076261,3843
2010,2017,treatment,non_event,75.29432867612253,59.1326412366177,4917
2010,2018,control,hss_event,70.79351340724686,55.22907841194596,3251
2010,2018,control,non_event,68.98955236032053,59.66350047024436,5509
2010,2018,treatment,hss_event,74.39056190303505,58.00213651208282,3251
2010,2018,treatment,non_event,59.284877163280385,47.065485498826845,5509
2010,2019,control,hss_event,63.57753334205693,48.52609086434556,3116
2010,2019,control,non_event,63.43892742800534,55.30174108839137,5644
2010,2019,treatment,hss_event,66.69295110582931,52.407096108667965,3116
2010,2019,treatment,non_event,48.95859147363336,39.15329052487812,5644
2010,2020,control,hss_event,79.43293892567783,57.66018100608739,2998
2010,2020,control,non_event,89.35853206581048,82.55824727052807,5786
2010,2020,treatment,hss_event,82.306958185979,59.54324283816164,2998
2010,2020,treatment,non_event,78.41512242526017,71.46744749119979,5786
2011,2010,control,hss_event,105.88676711670885,84.00311853543134,1775
2011,2010,control,non_event,84.58467013502073,74.98118654413969,3361
2011,2010,treatment,hss_event,105.63475816685396,83.47042409977443,1775
2011,2010,treatment,non_event,87.44723203136682,77.95664199425046,3361
2011,2012,control,hss_event,76.15302903060017,59.5150095881248,1568
2011,2012,control,non_event,82.2775836433352,63.62464588444407,7216
2011,2012,treatment,hss_event,75.82862844715332,59.39607207629145,1568
2011,2012,treatment,non_event,83.0242230356352,64.30609201486253,7216
2011,2013,control,hss_event,73.60218362899292,58.4454303467559,1922
2011,2013,control,non_event,84.17957937448992,70.11789382424053,6725
2011,2013,treatment,hss_event,72.946163306347,57.753568635398715,1922
2011,2013,treatment,non_event,84.56997950537993,70.50979624241258,6725
2011,2014,control,hss_event,78.72314705630713,54.29989550608509,2120
2011,2014,control,non_event,78.00215246607789,62.561916746576145,6640
2011,2014,treatment,hss_event,79.02239751295367,53.7402381609071,2120
2011,2014,treatment,non_event,77.64398774734705,63.084813147855094,6640
2011,2015,control,hss_event,106.35665304104455,85.40128800136591,1836
2011,2015,control,non_event,83.65297654745503,66.73135667753523,6924
2011,2015,treatment,hss_event,105.26760104452822,85.6373339384989,1836
2011,2015,treatment,non_event,83.5567646875564,66.98021303085424,6924
2011,2016,control,hss_event,106.82796258585273,83.16210606236007,3252
2011,2016,control,non_event,77.51452983611499,63.74096798307062,5377
2011,2016,treatment,hss_event,104.81104699511195,81.23824428544273,3252
2011,2016,treatment,non_event,76.8473117616001,63.12979734965987,5377
2011,2017,control,hss_event,127.94527888818101,104.13164842473074,3843
2011,2017,control,non_event,77.10210292825016,59.78299889245459,4917
2011,2017,treatment,hss_event,124.93187000146565,102.10540305342862,3843
2011,2017,treatment,non_event,76.00756485312377,58.311447326647745,4917
2011,2018,control,hss_event,80.44561185401977,63.67554629938084,3251
2011,2018,control,non_event,60.161296861964296,49.76681708008522,5509
2011,2018,treatment,hss_event,79.74760874403059,63.33258663988304,3251
2011,2018,treatment,non_event,59.31110701380448,48.03087552954008,5509
2011,2019,control,hss_event,88.37680074789408,69.41831909493091,3116
2011,2019,control,non_event,53.770205972443044,44.05758631305438,5644
2011,2019,treatment,hss_event,85.42863264496107,66.62262331138679,3116
2011,2019,treatment,non_event,52.008724520907194,41.81189799156703,5644
2011,2020,control,hss_event,80.65105083458305,58.25140128412431,2998
2011,2020,control,non_event,79.47478295688653,72.17536641452867,5786
2011,2020,treatment,hss_event,75.08945507898989,54.25498691632638,2998
2011,2020,treatment,non_event,81.3360769457711,74.50221012984433,5786
2012,2010,control,hss_event,101.91288573262582,82.97924849389305,1775
2012,2010,control,non_event,70.99237961197042,59.55106176474519,3361
2012,2010,treatment,hss_event,101.93150733635372,83.98378182424626,1775
2012,2010,treatment,non_event,72.68869452578419,60.20662300815826,3361
2012,2011,control,hss_event,98.5385492817149,73.40392189961364,1835
2012,2011,control,non_event,84.12856448861412,67.37938475681126,6925
2012,2011,treatment,hss_event,90.8686657728765,66.9654451209128,1835
2012,2011,treatment,non_event,85.79997516371336,68.83731110390343,6925
2012,2013,control,hss_event,79.30975502872212,62.81205644716705,1922
2012,2013,control,non_event,86.69498323175635,70.30733258669261,6725
2012,2013,treatment,hss_event,84.11714859490844,66.27738428661652,1922
2012,2013,treatment,non_event,85.62981450191201,69.30519600680327,6725
2012,2014,control,hss_event,87.46497646314263,59.35946740204433,2120
2012,2014,control,non_event,70.63648806774906,56.119058572240625,6640
2012,2014,treatment,hss_event,86.76905967677769,59.383694386032396,2120
2012,2014,treatment,non_event,69.7873157265284,54.70331911753459,6640
2012,2015,control,hss_event,110.28084851087665,88.10121447328389,1836
2012,2015,control,non_event,83.00074693226918,64.69722760584504,6924
2012,2015,treatment,hss_event,108.99091394230118,87.47375644525931,1836
2012,2015,treatment,non_event,82.25746443277085,64.43070231525282,6924
2012,2016,control,hss_event,95.5712985363808,75.45474299469558,3252
2012,2016,control,non_event,79.73468870177118,62.92216035666598,5377
2012,2016,treatment,hss_event,91.91630205857861,72.00180948029879,3252
2012,2016,treatment,non_event,84.20110928800048,67.2284008194262,5377
2012,2017,control,hss_event,106.25047594104184,87.11131724571766,3843
2012,2017,control,non_event,82.81444492089138,64.320708719579,4917
2012,2017,treatment,hss_event,103.870700730568,84.54610338094425,3843
2012,2017,treatment,non_event,84.44923951672907,65.40526595861417,4917
2012,2018,control,hss_event,81.22384185582364,64.11793174027883,3251
2012,2018,control,non_event,65.77792177069067,54.97051691182362,5509
2012,2018,treatment,hss_event,76.52163828230707,61.614919652501754,3251
2012,2018,treatment,non_event,69.05427959993952,56.9578972811447,5509
2012,2019,control,hss_event,81.05557153407051,62.48295798932175,3116
2012,2019,control,non_event,54.1354016164983,44.42721152626648,5644
2012,2019,treatment,hss_event,76.45570815031738,59.147382743551425,3116
2012,2019,treatment,non_event,58.456210428465695,48.5247823767929,5644
2012,2020,control,hss_event,84.43065276344214,60.56940076953972,2998
2012,2020,control,non_event,80.81431181839747,73.69465280658763,5786
2012,2020,treatment,hss_event,85.1582307037918,61.00840515991781,2998
2012,2020,treatment,non_event,77.5164878635956,70.57599523592441,5786
2013,2010,control,hss_event,113.347349358304,94.16423130089129,1775
2013,2010,control,non_event,58.5730470382255,47.18723385875263,3361
2013,2010,treatment,hss_event,112.38333943672066,94.25955048896897,1775
2013,2010,treatment,non_event,61.048635461788386,47.53373718715714,3361
2013,2011,control,hss_event,98.03771778537724,77.44198902764177,1835
2013,2011,control,non_event,75.36610527540675,55.65078048761141,6925
2013,2011,treatment,hss_event,100.23757780097017,79.51245955381471,1835
2013,2011,treatment,non_event,74.55593370188377,55.00407356124492,6925
2013,2012,control,hss_event,78.24326498009856,60.954421160172444,1568
2013,2012,control,non_event,78.26688613293642,57.80149546113617,7216
2013,2012,treatment,hss_event,73.82369904663726,56.735989590080415,1568
2013,2012,treatment,non_event,79.33875776691244,60.17333710325795,7216
2013,2014,control,hss_event,86.40839846729561,58.254181008968715,2120
2013,2014,control,non_event,71.00951214600872,55.32667700985828,6640
2013,2014,treatment,hss_event,88.20781201494113,59.21070280255012,2120
2013,2014,treatment,non_event,70.5275984882123,54.4979105754071,6640
2013,2015,control,hss_event,117.63567664708972,94.63805640393093,1836
2013,2015,control,non_event,84.61050425842389,61.822418997426865,6924
2013,2015,treatment,hss_event,116.08209558343474,92.33071463923568,1836
2013,2015,treatment,non_event,85.12935330397578,63.12367002596268,6924
2013,2016,control,hss_event,106.33801616619692,84.35172049321811,3252
2013,2016,control,non_event,69.75951458474056,51.700260229750995,5377
2013,2016,treatment,hss_event,108.98653681353386,87.89792605842318,3252
2013,2016,treatment,non_event,69.48841975981614,51.65131410950286,5377
2013,2017,control,hss_event,127.65431122704817,107.00592064044763,3843
2013,2017,control,non_event,68.32342264211178,48.051396752994236,4917
2013,2017,treatment,hss_event,132.89549391702377,112.55107197301201,3843
2013,2017,treatment,non_event,70.84926921603157,49.62439244138242,4917
2013,2018,control,hss_event,81.29384252650884,65.06252505426515,3251
2013,2018,control,non_event,53.87820016574611,41.415042397330645,5509
2013,2018,treatment,hss_event,89.21292522646237,71.48210878586336,3251
2013,2018,treatment,non_event,51.14680915433245,38.37423495550427,5509
2013,2019,control,hss_event,92.32483550349602,71.77946879591349,3116
2013,2019,control,non_event,45.547497955897825,35.077011789690935,5644
2013,2019,treatment,hss_event,94.92372253726337,73.39662843246361,3116
2013,2019,treatment,non_event,45.51482487039294,34.988689457753466,5644
2013,2020,control,hss_event,100.69651678484222,79.56583158710625,2998
2013,2020,control,non_event,45.11820923933686,37.630527632153246,5786
2013,2020,treatment,hss_event,97.21627992553795,74.82225898808841,2998
2013,2020,treatment,non_event,48.696506162677544,41.46933511364143,5786
2014,2010,control,hss_event,114.28979578724307,92.67615664200044,1775
2014,2010,control,non_event,62.92442908893676,51.33399546157033,3361
2014,2010,treatment,hss_event,114.78772499184483,92.88999561578456,1775
2014,2010,treatment,non_event,66.22047601365848,55.97195420042456,3361
2014,2011,control,hss_event,111.3008809106057,86.13960459862483,1835
2014,2011,control,non_event,82.21405527689325,61.90845208233444,6925
2014,2011,treatment,hss_event,118.39396591077276,93.36822400002129,1835
2014,2011,treatment,non_event,82.72288928455761,61.92071717410311,6925
2014,2012,control,hss_event,91.1619680478853,72.06535995249845,1568
2014,2012,control,non_event,81.13471652455588,60.85660617261662,7216
2014,2012,treatment,hss_event,97.1784359241635,76.52249365436788,1568
2014,2012,treatment,non_event,82.62057274916664,61.645872120318025,7216
2014,2013,control,hss_event,104.72662621449201,79.61142317090149,1922
2014,2013,control,non_event,81.13913538119743,62.74129313756099,6725
2014,2013,treatment,hss_event,104.33174691593078,80.48254043626736,1922
2014,2013,treatment,non_event,80.92266275315293,61.651174248337306,6725
2014,2015,control,hss_event,115.0121670012921,93.71322533767467,1836
2014,2015,control,non_event,85.87374244350113,66.84746692113144,6924
2014,2015,treatment,hss_event,107.5386917534295,87.14951934482018,1836
2014,2015,treatment,non_event,89.03257697584586,71.65994602073347,6924
2014,2016,control,hss_event,102.89010243158215,80.7699113308577,3252
2014,2016,control,non_event,84.14021958918505,68.36588248050144,5377
2014,2016,treatment,hss_event,109.2671253753927,86.51707695917597,3252
2014,2016,treatment,non_event,87.53613010036847,72.24070261011164,5377
2014,2017,control,hss_event,124.79839866149136,101.19922771548158,3843
2014,2017,control,non_event,86.40235571688072,73.27066113276285,4917
2014,2017,treatment,hss_event,123.75603603064195,100.04611480022017,3843
2014,2017,treatment,non_event,93.23393174860493,81.23899776450206,4917
2014,2018,control,hss_event,92.85095469025632,72.14938224949715,3251
2014,2018,control,non_event,64.0266912211774,54.799022038200626,5509
2014,2018,treatment,hss_event,97.1974926772578,76.35930736568736,3251
2014,2018,treatment,non_event,64.2562991276282,54.881872604018355,5509
2014,2019,control,hss_event,88.99453959127453,66.00499423691795,3116
2014,2019,control,non_event,62.82442878319301,55.31008345011191,5644
2014,2019,treatment,hss_event,94.0756603684736,70.07607064596037,3116
2014,2019,treatment,non_event,60.89601916277182,53.246460263734164,5644
2014,2020,control,hss_event,93.58567743859491,68.57298544488644,2998
2014,2020,control,non_event,66.35927191050966,59.16180422031628,5786
2014,2020,treatment,hss_event,89.3728969662845,64.62250101955992,2998
2014,2020,treatment,non_event,71.86185837354547,64.69612341523789,5786
2015,2010,control,hss_event,94.69734386235938,75.63498966700594,1775
2015,2010,control,non_event,66.67747115774085,55.7661686505423,3361
2015,2010,treatment,hss_event,95.54986621952317,76.54533626072843,1775
2015,2010,treatment,non_event,68.93680460247535,58.2447622992105,3361
2015,2011,control,hss_event,88.74025637193895,68.24407193966067,1835
2015,2011,control,non_event,82.03556291372766,67.05343673320453,6925
2015,2011,treatment,hss_event,84.88957263632896,65.80369942896372,1835
2015,2011,treatment,non_event,82.83431875175356,68.40674222980596,6925
2015,2012,control,hss_event,78.59474131629412,60.629266271785816,1568
2015,2012,control,non_event,77.74262726152534,60.43517815194479,7216
2015,2012,treatment,hss_event,83.46802848006294,63.65380016638308,1568
2015,2012,treatment,non_event,76.98453973324976,59.246428614445115,7216
2015,2013,control,hss_event,83.39914735083886,65.11058708135344,1922
2015,2013,control,non_event,81.75868778773089,64.9669422475822,6725
2015,2013,treatment,hss_event,81.0388762570758,61.999878374272406,1922
2015,2013,treatment,non_event,81.97301193711408,64.97236029529218,6725
2015,2014,control,hss_event,81.07317038915235,57.45278523283185,2120
2015,2014,control,non_event,77.14385978740582,62.38261132757348,6640
2015,2014,treatment,hss_event,80.79525737675326,57.39733118021263,2120
2015,2014,treatment,non_event,76.03349200263096,61.098729108327845,6640
2015,2016,control,hss_event,97.50258150106662,76.40485384895352,3252
2015,2016,control,non_event,84.31475741101782,68.87660211893358,5377
2015,2016,treatment,hss_event,101.79274223049931,80.22930297288508,3252
2015,2016,treatment,non_event,87.47410894608441,72.89152360844838,5377
2015,2017,control,hss_event,94.21618234577073,75.65019592555153,3843
2015,2017,control,non_event,97.90102854129688,86.42255464142262,4917
2015,2017,treatment,hss_event,94.42693697155106,75.97857211785734,3843
2015,2017,treatment,non_event,97.20287224838599,86.50373802161783,4917
2015,2018,control,hss_event,83.98757662632316,64.94214209817953,3251
2015,2018,control,non_event,84.77611783531454,76.75970804654528,5509
2015,2018,treatment,hss_event,82.1683809917203,63.679841561670926,3251
2015,2018,treatment,non_event,85.47518642130119,77.551191949351,5509
2015,2019,control,hss_event,74.97373343021113,57.724750993799645,3116
2015,2019,control,non_event,84.14268865154372,76.01117571662454,5644
2015,2019,treatment,hss_event,75.40596119886501,57.473795654531926,3116
2015,2019,treatment,non_event,85.02251980578922,77.42355904690683,5644
2015,2020,control,hss_event,70.52379035517382,54.33534770046893,2998
2015,2020,control,non_event,97.35654980487534,91.6021159093272,5786
2015,2020,treatment,hss_event,67.15140942153407,53.10368410279705,2998
2015,2020,treatment,non_event,97.80854311889331,92.04280307636597,5786
2016,2010,control,hss_event,84.69989565587451,66.67652666978434,1775
2016,2010,control,non_event,78.11373637355055,64.81703404406996,3361
2016,2010,treatment,hss_event,83.94709982516551,68.16092319542254,1775
2016,2010,treatment,non_event,74.3750096935189,60.2481973926711,3361
2016,2011,control,hss_event,85.86468578591706,67.44640730772096,1835
2016,2011,control,non_event,82.81190697278453,68.08262859688769,6925
2016,2011,treatment,hss_event,87.20634418419023,68.43487227853052,1835
2016,2011,treatment,non_event,83.76198648705842,68.30868870483839,6925
2016,2012,control,hss_event,62.13456667827181,48.501435649638275,1568
2016,2012,control,non_event,94.08845659377512,78.63843922921664,7216
2016,2012,treatment,hss_event,63.80302770953826,49.123857790110065,1568
2016,2012,treatment,non_event,95.75901138232906,80.77597163046015,7216
2016,2013,control,hss_event,74.93679067480933,57.94216945937968,1922
2016,2013,control,non_event,103.89534857404104,90.12744205517397,6725
2016,2013,treatment,hss_event,82.24677894912472,63.39499942966108,1922
2016,2013,treatment,non_event,103.46943230680728,90.50532430769343,6725
2016,2014,control,hss_event,81.33211306500925,57.117545462554354,2120
2016,2014,control,non_event,87.90472779338715,75.52595967671958,6640
2016,2014,treatment,hss_event,83.36841536899385,59.75252551672594,2120
2016,2014,treatment,non_event,90.87068718735807,78.73524753156914,6640
2016,2015,control,hss_event,97.5996981412686,75.89442294251685,1836
2016,2015,control,non_event,87.837210544999,71.9059420607119,6924
2016,2015,treatment,hss_event,96.88408908072421,75.30711790263523,1836
2016,2015,treatment,non_event,87.5412279795171,71.62088549529659,6924
2016,2017,control,hss_event,89.030334637845,71.13750056540503,3843
2016,2017,control,non_event,77.39053391967818,60.477278846925365,4917
2016,2017,treatment,hss_event,88.63833699311034,71.10173157357686,3843
2016,2017,treatment,non_event,78.80837241577633,63.38536054088693,4917
2016,2018,control,hss_event,65.1949668824039,51.69346336568916,3251
2016,2018,control,non_event,80.77586395505666,69.77871089761499,5509
2016,2018,treatment,hss_event,65.81878207088046,52.70869502592952,3251
2016,2018,treatment,non_event,76.75932468816,63.798502436132566,5509
2016,2019,control,hss_event,69.02498933205449,54.6799692685246,3116
2016,2019,control,non_event,61.15862002850932,50.25268769889415,5644
2016,2019,treatment,hss_event,70.63840280260251,56.665923729481534,3116
2016,2019,treatment,non_event,54.73222112644209,43.18391390340198,5644
2016,2020,control,hss_event,72.56901393428663,54.743923103276536,2998
2016,2020,control,non_event,99.50760023540501,93.05785169182786,5786
2016,2020,treatment,hss_event,70.70039963081236,53.53061692821256,2998
2016,2020,treatment,non_event,99.47688976700405,93.00941301142102,5786
2017,2010,control,hss_event,94.3443395751828,75.62187479368397,1775
2017,2010,control,non_event,76.13518388065793,63.53756289835382,3361
2017,2010,treatment,hss_event,94.32053320217142,75.59885878012214,1775
2017,2010,treatment,non_event,77.429227207533,66.74957383441556,3361
2017,2011,control,hss_event,99.50206864892856,76.54535134962534,1835
2017,2011,control,non_event,79.10520080241724,61.88173043702053,6925
2017,2011,treatment,hss_event,98.35246845531071,76.14179607672003,1835
2017,2011,treatment,non_event,79.63476116448224,63.21009177748477,6925
2017,2012,control,hss_event,74.66095167297807,58.334404419879526,1568
2017,2012,control,non_event,82.59732879944492,64.19728613216967,7216
2017,2012,treatment,hss_event,71.76452510544692,56.32189785704321,1568
2017,2012,treatment,non_event,83.59218139055255,65.4168909542312,7216
2017,2013,control,hss_event,84.17582675317072,65.4902013169367,1922
2017,2013,control,non_event,82.6131735791318,66.92756839567843,6725
2017,2013,treatment,hss_event,81.89793180425137,64.09623664276408,1922
2017,2013,treatment,non_event,83.82189690934003,68.90438562783167,6725
2017,2014,control,hss_event,85.74572872829462,58.508814181921615,2120
2017,2014,control,non_event,72.91395322773984,58.998697552049016,6640
2017,2014,treatment,hss_event,82.81209183446866,56.33235264904094,2120
2017,2014,treatment,non_event,76.15170066789224,62.950963183483445,6640
2017,2015,control,hss_event,100.11533338784938,78.3886570982424,1836
2017,2015,control,non_event,82.53497571890438,66.0348590341763,6924
2017,2015,treatment,hss_event,101.4197107132239,79.1440373505902,1836
2017,2015,treatment,non_event,84.36529245596705,67.79956370264998,6924
2017,2016,control,hss_event,84.23488056739961,67.67892377226995,3252
2017,2016,control,non_event,73.79857140986022,57.39607267998753,5377
2017,2016,treatment,hss_event,82.81218680052756,64.6810929977586,3252
2017,2016,treatment,non_event,75.94245472943113,60.60482669466376,5377
2017,2018,control,hss_event,76.69831816993994,61.89010417355057,3251
2017,2018,control,non_event,67.15445897266811,52.19957672911301,5509
2017,2018,treatment,hss_event,73.64946694847775,59.910194342996625,3251
2017,2018,treatment,non_event,68.27028341878287,52.59691417816655,5509
2017,2019,control,hss_event,68.22056785890027,53.700759398003754,3116
2017,2019,control,non_event,45.24052694600382,35.56565291352681,5644
2017,2019,treatment,hss_event,66.85463638826343,52.6042898763282,3116
2017,2019,treatment,non_event,46.12407462556836,36.617435750008305,5644
2017,2020,control,hss_event,70.43868387477738,56.386447227025045,2998
2017,2020,control,non_event,109.29064074065698,103.35577854086608,5786
2017,2020,treatment,hss_event,69.46189996135497,55.24152749375234,2998
2017,2020,treatment,non_event,107.64710423287613,101.5249373129071,5786
2018,2010,control,hss_event,103.66975166776133,83.36522474691901,1775
2018,2010,control,non_event,55.79728137428458,42.17851642766406,3361
2018,2010,treatment,hss_event,105.63202667877113,84.17893991389745,1775
2018,2010,treatment,non_event,56.30407285012742,42.51251620219173,3361
2018,2011,control,hss_event,98.08997297162972,77.57509444649928,1835
2018,2011,control,non_event,76.32333271103994,57.560473932479695,6925
2018,2011,treatment,hss_event,97.81062363315478,76.95180502743422,1835
2018,2011,treatment,non_event,77.2414604970483,57.88269572233896,6925
2018,2012,control,hss_event,86.10908335269691,68.26434816632953,1568
2018,2012,control,non_event,78.33429741428989,57.72988652231424,7216
2018,2012,treatment,hss_event,85.90619751807907,67.21943960384446,1568
2018,2012,treatment,non_event,79.14715513212944,59.094200760192194,7216
2018,2013,control,hss_event,84.56021114427327,68.73631677220689,1922
2018,2013,control,non_event,77.3086304701623,59.89303480864457,6725
2018,2013,treatment,hss_event,86.04384572699682,69.47870036590608,1922
2018,2013,treatment,non_event,77.56298892593239,60.02713819085444,6725
2018,2014,control,hss_event,88.43550520758768,60.803403487295476,2120
2018,2014,control,non_event,72.75727973879987,58.014838110682476,6640
2018,2014,treatment,hss_event,87.97309933920938,60.48023219558428,2120
2018,2014,treatment,non_event,72.33702825563078,57.56494490841785,6640
2018,2015,control,hss_event,113.93420235007092,91.00317976209853,1836
2018,2015,control,non_event,82.57974729142667,63.50571912372133,6924
2018,2015,treatment,hss_event,114.07797435318004,91.28493370106018,1836
2018,2015,treatment,non_event,81.77352578645247,62.629169060824445,6924
2018,2016,control,hss_event,92.60042474112919,72.96470051820575,3252
2018,2016,control,non_event,71.7479119437212,53.964517546205556,5377
2018,2016,treatment,hss_event,92.04138276195455,72.24916800185763,3252
2018,2016,treatment,non_event,72.60141475012816,54.883824733502145,5377
2018,2017,control,hss_event,92.34866151169521,73.68799444352963,3843
2018,2017,control,non_event,74.04427249391486,51.97236694435242,4917
2018,2017,treatment,hss_event,93.63112702480062,74.3351442414958,3843
2018,2017,treatment,non_event,75.55494841499699,53.1823147674244,4917
2018,2019,control,hss_event,75.32147658271371,59.16591831349286,3116
2018,2019,control,non_event,43.68738799160514,33.5320842264393,5644
2018,2019,treatment,hss_event,75.57501588207955,59.69738292571669,3116
2018,2019,treatment,non_event,45.068036138987615,34.17702804770899,5644
2018,2020,control,hss_event,82.8005214940999,63.189586524887034,2998
2018,2020,control,non_event,55.718573316628024,48.38607260120232,5786
2018,2020,treatment,hss_event,78.18074546137315,59.13641673998486,2998
2018,2020,treatment,non_event,54.74334477095563,47.37541677116977,5786
2019,2010,control,hss_event,91.58856124638258,70.32705403072734,1775
2019,2010,control,non_event,62.39408792469757,50.412130422231805,3361
2019,2010,treatment,hss_event,91.25267336051684,69.94445438008913,1775
2019,2010,treatment,non_event,62.605644276211386,50.09895695621362,3361
2019,2011,control,hss_event,89.10283486554425,69.40746406742272,1835
2019,2011,control,non_event,76.08439820961149,58.70645670866708,6925
2019,2011,treatment,hss_event,93.06811918050772,73.4863886778621,1835
2019,2011,treatment,non_event,76.30448278414785,59.02886230909437,6925
2019,2012,control,hss_event,76.86664771539549,60.53604651470574,1568
2019,2012,control,non_event,78.54701240555845,58.85801936993313,7216
2019,2012,treatment,hss_event,78.33546151313288,61.528955790461325,1568
2019,2012,treatment,non_event,79.77786256440173,60.12448415312164,7216
2019,2013,control,hss_event,86.64034906622945,69.63908289374471,1922
2019,2013,control,non_event,78.79450783140393,60.668801178772654,6725
2019,2013,treatment,hss_event,84.15010701401486,67.42069275346928,1922
2019,2013,treatment,non_event,78.32498007901575,60.51631177030088,6725
2019,2014,control,hss_event,88.49852275341463,62.550940761926036,2120
2019,2014,control,non_event,71.1536688933135,53.755602158695815,6640
2019,2014,treatment,hss_event,90.26336784974241,62.77630189139888,2120
2019,2014,treatment,non_event,70.70956583113383,54.27404739655644,6640
2019,2015,control,hss_event,109.32467510500366,90.29848796038327,1836
2019,2015,control,non_event,82.33380726520821,63.32667729263702,6924
2019,2015,treatment,hss_event,108.91172036522946,89.086238786286,1836
2019,2015,treatment,non_event,81.8976934419982,63.07607620124663,6924
2019,2016,control,hss_event,88.48058606680479,68.61702309733974,3252
2019,2016,control,non_event,77.11280104312912,58.849453268251565,5377
2019,2016,treatment,hss_event,91.12887225121209,70.26937674772256,3252
2019,2016,treatment,non_event,75.49296429189828,57.37858114159194,5377
2019,2017,control,hss_event,91.09230503765744,70.00579270961661,3843
2019,2017,control,non_event,71.77116451441329,53.605264716064006,4917
2019,2017,treatment,hss_event,89.27605459272161,68.73221882947435,3843
2019,2017,treatment,non_event,71.90014208902019,52.528849209375636,4917
2019,2018,control,hss_event,71.3922609973232,56.14698449342811,3251
2019,2018,control,non_event,58.21082157731858,46.19823655374125,5509
2019,2018,treatment,hss_event,73.87897593231527,58.09986569073999,3251
2019,2018,treatment,non_event,55.695779391162574,42.844702864151984,5509
2019,2020,control,hss_event,82.0752330280794,58.625909124556344,2998
2019,2020,control,non_event,77.75553227730089,71.07782819466405,5786
2019,2020,treatment,hss_event,85.68564353265471,61.882162001229986,2998
2019,2020,treatment,non_event,74.50323457582104,67.50043637077577,5786
2020,2010,control,hss_event,106.1191664386959,84.60319954885563,1775
2020,2010,control,non_event,75.71604757294796,66.46213109959311,3361
2020,2010,treatment,hss_event,109.91222378950802,87.13632697306888,1775
2020,2010,treatment,non_event,79.1428398950967,70.13824546425799,3361
2020,2011,control,hss_event,85.38257717180862,65.68910018546704,1835
2020,2011,control,non_event,80.88859284568001,67.31455432437387,6925
2020,2011,treatment,hss_event,82.02866432955052,63.08178870593495,1835
2020,2011,treatment,non_event,83.44973739777939,70.5257353171889,6925
2020,2012,control,hss_event,78.54043287031428,59.15828282492502,1568
2020,2012,control,non_event,81.38388072742556,63.77265049242921,7216
2020,2012,treatment,hss_event,71.86616433097389,54.57183020455496,1568
2020,2012,treatment,non_event,84.20331110200388,67.30408007078319,7216
2020,2013,control,hss_event,89.35674128116761,68.5459697139871,1922
2020,2013,control,non_event,83.33106693064686,67.7615254750305,6725
2020,2013,treatment,hss_event,91.35417731019704,70.25586112158355,1922
2020,2013,treatment,non_event,82.76662912822552,67.09472083563256,6725
2020,2014,control,hss_event,86.17068088158648,58.26354364359154,2120
2020,2014,control,non_event,72.3892899267498,58.18536531839026,6640
2020,2014,treatment,hss_event,87.06488822283771,58.22435058017947,2120
2020,2014,treatment,non_event,73.74011756846093,60.090094568643224,6640
2020,2015,control,hss_event,94.99954039543911,74.24527559301173,1836
2020,2015,control,non_event,84.75558008860365,69.01219766970523,6924
2020,2015,treatment,hss_event,95.98524096298851,74.7495864502485,1836
2020,2015,treatment,non_event,85.62735274502711,69.5146469830227,6924
2020,2016,control,hss_event,93.1002364556297,72.85249731197568,3252
2020,2016,control,non_event,84.48671503724303,69.25403270185802,5377
2020,2016,treatment,hss_event,88.54895786017694,69.63684442386416,3252
2020,2016,treatment,non_event,87.34111341010423,71.48738992331705,5377
2020,2017,control,hss_event,95.90264407254432,76.41095158906768,3843
2020,2017,control,non_event,86.33328086495712,72.79878182417983,4917
2020,2017,treatment,hss_event,91.49178039772401,73.20248182000451,3843
2020,2017,treatment,non_event,84.92577510599682,70.70891921869836,4917
2020,2018,control,hss_event,81.71761372349272,64.64825076170973,3251
2020,2018,control,non_event,62.848388580404084,52.167478064569764,5509
2020,2018,treatment,hss_event,82.44823158944253,64.30663289938732,3251
2020,2018,treatment,non_event,62.899364468659606,52.14532359911409,5509
2020,2019,control,hss_event,76.61431597959482,59.63249184017157,3116
2020,2019,control,non_event,52.770811090614,40.56433475313248,5644
2020,2019,treatment,hss_event,73.56662720740962,57.61741112254857,3116
2020,2019,treatment,non_event,50.30252786873689,38.662666510048695,5644
